text,actual_label,predicted_label,fraud_probability,ham_probability,split
FREE UNLIMITED HARDCORE PORN direct 2 your mobile Txt PORN to 69200 & get FREE access for 24 hrs then chrgd@50p per day txt Stop 2exit. This msg is free,1,1,0.99800724,0.0019927218,train
"Get 3 Lions England tone, reply lionm 4 mono or lionp 4 poly. 4 more go 2 www.ringtones.co.uk, the original n best. Tones 3GBP network operator rates apply",1,1,0.99806815,0.0019318452,train
Free entry in 2 a weekly comp for a chance to win an ipod. Txt POD to 80182 to get entry (std txt rate) T&C's apply 08452810073 for details 18+,1,1,0.9981509,0.001849093,train
URGENT! Your Mobile number has been awarded a <UKP>2000 prize GUARANTEED. Call 09061790125 from landline. Claim 3030. Valid 12hrs only 150ppm,1,1,0.9982988,0.0017012472,train
Hey next sun 1030 there's a basic yoga course... at bugis... We can go for that... Pilates intro next sat.... Tell me what time you r free,0,0,0.0023121082,0.99768794,train
You are awarded a SiPix Digital Camera! call 09061221061 from landline. Delivery within 28days. T Cs Box177. M221BP. 2yr warranty. 150ppm. 16 . p på£3.99,1,1,0.99814546,0.0018545708,train
So that takes away some money worries,0,0,0.0019574184,0.9980426,train
Pls pls find out from aunt nike.,0,0,0.0017830244,0.9982169,train
TaKe CaRE n gET WeLL sOOn,0,0,0.0018639305,0.99813604,train
Ok set let u noe e details later...,0,0,0.001647871,0.99835217,train
Ur cash-balance is currently 500 pounds - to maximize ur cash-in now send GO to 86688 only 150p/meg. CC: 08718720201 HG/Suite342/2lands Row/W1j6HL,1,1,0.9981997,0.0018002524,train
how tall are you princess?,0,0,0.002380905,0.9976191,train
cud u tell ppl im gona b a bit l8 cos 2 buses hav gon past cos they were full & im still waitin 4 1. Pete x,0,0,0.0021436675,0.9978563,train
Call from 08702490080 - tells u 2 call 09066358152 to claim å£5000 prize. U have 2 enter all ur mobile & personal details @ the prompts. Careful!,1,1,0.9982849,0.0017151567,train
Is there any movie theatre i can go to and watch unlimited movies and just pay once?,0,0,0.0071759205,0.9928241,train
Have you started in skye,0,0,0.0020071103,0.9979929,train
Oh ok i didnt know what you meant. Yep i am baby jontin,0,0,0.0015871299,0.99841285,train
I uploaded mine to Facebook,0,0,0.002466551,0.99753344,train
"FREE MESSAGE Activate your 500 FREE Text Messages by replying to this message with the word FREE For terms & conditions, visit www.07781482378.com",1,1,0.9980983,0.00190175,train
Go chase after her and run her over while she's crossing the street,0,0,0.0031337915,0.99686617,train
"Dear Voucher Holder, 2 claim this weeks offer, at your PC go to http://www.e-tlp.co.uk/expressoffer Ts&Cs apply.2 stop texts txt STOP to 80062.",1,1,0.99828845,0.0017115591,train
S...i will take mokka players only:),0,0,0.0015560486,0.998444,train
Painful words- \I thought being Happy was the most toughest thing on Earth... But,0,0,0.0017310493,0.99826896,train
Message:some text missing* Sender:Name Missing* *Number Missing *Sent:Date missing *Missing U a lot thats y everything is missing sent via fullonsms.com,0,0,0.0033171454,0.9966828,train
Would you like to see my XXX pics they are so hot they were nearly banned in the uk!,1,1,0.99199873,0.008001318,train
"SPJanuary Male Sale! Hot Gay chat now cheaper, call 08709222922. National rate from 1.5p/min cheap to 7.8p/min peak! To stop texts call 08712460324 (10p/min)",1,1,0.99831235,0.0016876953,train
"Hi this is Amy, we will be sending you a free phone number in a couple of days, which will give you an access to all the adult parties...",1,1,0.9952661,0.0047339536,train
No shoot me. I'm in the docs waiting room. :/,0,0,0.0017468494,0.99825317,train
"Our dating service has been asked 2 contact U by someone shy! CALL 09058091870 NOW all will be revealed. POBox84, M26 3UZ 150p",1,1,0.9982905,0.0017095348,train
Its a part of checking IQ,0,0,0.0018287115,0.9981713,train
Update_Now - 12Mths Half Price Orange line rental: 400mins...Call MobileUpd8 on 08000839402 or call2optout=J5Q,1,1,0.9983531,0.0016469276,train
ree entry in 2 a weekly comp for a chance to win an ipod. Txt POD to 80182 to get entry (std txt rate) T&C's apply 08452810073 for details 18+,1,1,0.9981654,0.0018346118,train
Dear U've been invited to XCHAT. This is our final attempt to contact u! Txt CHAT to 86688,1,1,0.9978682,0.0021317503,train
Oh yeah clearly it's my fault,0,0,0.0017884985,0.9982115,train
In which place i can get rooms cheap:-),0,0,0.0017835592,0.99821645,train
Yup next stop.,0,0,0.001802069,0.998198,train
Yes princess! I want to please you every night. Your wish is my command...,0,0,0.0019418853,0.99805814,train
She left it very vague. She just said she would inform the person in accounting about the delayed rent and that i should discuss with the housing agency about my renting another place. But checking online now and all places around usc are  &lt;#&gt;  and up,0,0,0.002161687,0.9978383,train
You are gorgeous! keep those pix cumming :) thank you!,0,0,0.0026898254,0.99731016,train
Lol alright i was thinkin that too haha,0,0,0.0017120969,0.99828786,train
Yeah he got in at 2 and was v apologetic. n had fallen out and she was actin like spoilt child and he got caught up in that. Till 2! But we won't go there! Not doing too badly cheers. You? ,0,0,0.0017612232,0.9982388,train
You are a winner you have been specially selected to receive å£1000 cash or a å£2000 award. Speak to a live operator to claim call 087123002209am-7pm. Cost 10p,1,1,0.9982899,0.0017101575,train
Pls give her prometazine syrup. 5mls then  &lt;#&gt; mins later feed.,0,0,0.0019634275,0.99803656,train
Ever thought about living a good life with a perfect partner? Just txt back NAME and AGE to join the mobile community. (100p/SMS),1,1,0.99768937,0.0023106907,train
"Romantic Paris. 2 nights, 2 flights from å£79 Book now 4 next year. Call 08704439680Ts&Cs apply.",1,1,0.9981158,0.0018841899,train
"I dont knw pa, i just drink milk..",0,0,0.0017445583,0.99825543,train
Gr8 new service - live sex video chat on your mob - see the sexiest dirtiest girls live on ur phone - 4 details text horny to 89070 to cancel send STOP to 89070,1,1,0.9982711,0.0017289163,train
"that would be good Û_ I'll phone you tomo lunchtime, shall I, to organise something?",0,0,0.0017481552,0.99825186,train
"Nah man, my car is meant to be crammed full of people",0,0,0.0019005548,0.9980995,train
I attended but nothing is there.,0,0,0.0016121302,0.99838793,train
URGENT! We are trying to contact U. Todays draw shows that you have won a å£800 prize GUARANTEED. Call 09050003091 from land line. Claim C52. Valid 12hrs only,1,1,0.99823594,0.0017640397,train
"Thanks for your ringtone order, reference number X29. Your mobile will be charged 4.50. Should your tone not arrive please call customer services 09065989180",1,1,0.9982498,0.0017501619,train
 &lt;#&gt;  in mca. But not conform.,0,0,0.0019455364,0.9980545,train
Todays Voda numbers ending 7548 are selected to receive a $350 award. If you have a match please call 08712300220 quoting claim code 4041 standard rates app,1,1,0.9982869,0.0017130931,train
"Hi hope u get this txt~journey hasnt been gd,now about 50 mins late I think.",0,0,0.0021260262,0.997874,train
"SMS SERVICES. for your inclusive text credits, pls goto www.comuk.net login= ***** unsubscribe with STOP. no extra charge. help:08700469649. PO BOX420. IP4 5WE",1,1,0.9982981,0.0017019195,train
"I'm in a meeting, call me later at",0,0,0.0016989892,0.9983011,train
"Also north carolina and texas atm, you would just go to the gre site and pay for the test results to be sent.",0,0,0.0032102086,0.99678975,train
Glad to see your reply.,0,0,0.0019896254,0.99801046,train
yay! finally lol. i missed our cinema trip last week :-(,0,0,0.0016315862,0.99836844,train
The evo. I just had to download flash. Jealous?,0,0,0.0016293578,0.9983707,train
PRIVATE! Your 2003 Account Statement for shows 800 un-redeemed S. I. M. points. Call 08718738002 Identifier Code: 48922 Expires 21/11/04,1,1,0.99823475,0.0017652519,train
U have a secret admirer. REVEAL who thinks U R So special. Call 09065174042. To opt out Reply REVEAL STOP. 1.50 per msg recd. Cust care 07821230901,1,1,0.9983113,0.0016887818,train
IMPORTANT MESSAGE. This is a final contact attempt. You have important messages waiting out our customer claims dept. Expires 13/4/04. Call 08717507382 NOW!,1,1,0.99825424,0.0017457288,train
S da..al r above  &lt;#&gt;,0,0,0.0017405604,0.9982595,train
Then any special there?,0,0,0.0017597928,0.99824023,train
Dear Voucher holder Have your next meal on us. Use the following link on your pc 2 enjoy a 2 4 1 dining experiencehttp://www.vouch4me.com/etlp/dining.asp,1,1,0.9979386,0.002061358,train
He needs to stop going to bed and make with the fucking dealing,0,0,0.0035665531,0.9964334,train
"Free entry to the gr8prizes wkly comp 4 a chance to win the latest Nokia 8800, PSP or å£250 cash every wk.TXT GREAT to 80878 http//www.gr8prizes.com 08715705022",1,1,0.99821544,0.0017845442,train
Had your mobile 11 months or more? U R entitled to Update to the latest colour mobiles with camera for Free! Call The Mobile Update Co FREE on 08002986030,1,1,0.9983006,0.0016993878,train
"Cool, text me when you head out",0,0,0.0023493927,0.99765056,train
what are your new years plans?,0,0,0.003096847,0.9969031,train
Where's my boytoy? I miss you ... What happened?,0,0,0.0016279226,0.99837214,train
Omg if its not one thing its another. My cat has worms :/ when does this bad day end?,0,0,0.0018051966,0.9981949,train
Dude we should go sup again,0,0,0.0016771818,0.9983228,train
"That way transport is less problematic than on sat night. By the way, if u want to ask  n  to join my bday, feel free. But need to know definite nos as booking on fri. ",0,0,0.0017967887,0.99820316,train
HI ITS KATE CAN U GIVE ME A RING ASAP XXX,0,0,0.16654985,0.8334502,train
Well I might not come then...,0,0,0.0017184386,0.9982816,train
"Free Msg: get Gnarls Barkleys \Crazy\"" ringtone TOTALLY FREE just reply GO to this message right now!""",1,1,0.9974704,0.0025296912,train
FREE for 1st week! No1 Nokia tone 4 ur mob every week just txt NOKIA to 87077 Get txting and tell ur mates. zed POBox 36504 W45WQ norm150p/tone 16+,1,1,0.99813545,0.0018644982,train
Reminder: You have not downloaded the content you have already paid for. Goto http://doit. mymoby. tv/ to collect your content.,1,1,0.9959853,0.004014684,train
I remain unconvinced that this isn't an elaborate test of my willpower,0,0,0.0044494467,0.99555063,train
You have won a Nokia 7250i. This is what you get when you win our FREE auction. To take part send Nokia to 86021 now. HG/Suite342/2Lands Row/W1JHL 16+,1,1,0.998251,0.0017489726,train
You still around? Looking to pick up later,0,0,0.002086568,0.9979134,train
Hi Princess! Thank you for the pics. You are very pretty. How are you?,0,0,0.009853434,0.9901466,train
"Sun cant come to earth but send luv as rays. cloud cant come to river but send luv as rain. I cant come to meet U, but can send my care as msg to U. Gud evng",0,0,0.0018144835,0.99818546,train
So how are you really. What are you up to. How's the masters. And so on.,0,0,0.0017670912,0.99823284,train
No. 1 Nokia Tone 4 ur mob every week! Just txt NOK to 87021. 1st Tone FREE ! so get txtin now and tell ur friends. 150p/tone. 16 reply HL 4info,1,1,0.99822444,0.0017756206,train
Does cinema plus drink appeal tomo? * Is a fr thriller by director i like on at mac at 8.30.,0,0,0.0037383477,0.99626166,train
"Storming msg: Wen u lift d phne, u say \HELLO\"" Do u knw wt is d real meaning of HELLO?? . . . It's d name of a girl..! . . . Yes.. And u knw who is dat girl?? \""Margaret Hello\"" She is d girlfrnd f Grahmbell who invnted telphone... . . . . Moral:One can 4get d name of a person",0,0,0.0024677939,0.9975321,train
"No, I was trying it all weekend ;V",0,0,0.001666419,0.99833363,train
sexy sexy cum and text me im wet and warm and ready for some porn! u up for some fun? THIS MSG IS FREE RECD MSGS 150P INC VAT 2 CANCEL TEXT STOP,1,1,0.9980356,0.0019643602,train
"Fighting with the world is easy, u either win or lose bt fightng with some1 who is close to u is dificult if u lose - u lose if u win - u still lose.",0,0,0.0021644249,0.9978356,train
"U can WIN å£100 of Music Gift Vouchers every week starting NOW Txt the word DRAW to 87066 TsCs www.Idew.com SkillGame, 1Winaweek, age16. 150ppermessSubscription",1,1,0.998212,0.0017879979,train
I am hot n horny and willing I live local to you - text a reply to hear strt back from me 150p per msg Netcollex LtdHelpDesk: 02085076972 reply Stop to end,1,1,0.9982797,0.0017203802,train
That one week leave i put know that time. Why.,0,0,0.0015153548,0.9984847,train
Oh yes I can speak txt 2 u no! Hmm. Did u get  email?,0,0,0.0021836867,0.9978163,train
Heart is empty without love.. Mind is empty without wisdom.. Eyes r empty without dreams &amp; Life is empty without frnds.. So Alwys Be In Touch. Good night &amp; sweet dreams,0,0,0.0016961495,0.9983038,train
"I call you later, don't have network. If urgnt, sms me.",0,0,0.002064308,0.9979358,train
Here is your discount code RP176781. To stop further messages reply stop. www.regalportfolio.co.uk. Customer Services 08717205546,1,1,0.9981681,0.001831823,train
ASKED 3MOBILE IF 0870 CHATLINES INCLU IN FREE MINS. INDIA CUST SERVs SED YES. L8ER GOT MEGA BILL. 3 DONT GIV A SHIT. BAILIFF DUE IN DAYS. I O å£250 3 WANT å£800,1,1,0.99812835,0.0018716609,train
You also didnt get na hi hi hi hi hi,0,0,0.0017362763,0.9982638,train
When you guys planning on coming over?,0,0,0.0023596112,0.9976404,train
Try neva mate!!,0,0,0.001733688,0.9982664,train
At 7 we will go ok na.,0,0,0.0016751025,0.99832493,train
"Yeah there's barely enough room for the two of us, x has too many fucking shoes. Sorry man, see you later",0,0,0.0024762824,0.9975237,train
"Twinks, bears, scallies, skins and jocks are calling now. Don't miss the weekend's fun. Call 08712466669 at 10p/min. 2 stop texts call 08712460324(nat rate)",1,1,0.99825996,0.001739996,train
FreeMsg: Txt: CALL to No: 86888 & claim your reward of 3 hours talk time to use from your phone now! Subscribe6GBP/mnth inc 3hrs 16 stop?txtStop,1,1,0.9982718,0.0017281388,train
"HOT LIVE FANTASIES call now 08707509020 Just 20p per min NTT Ltd, PO Box 1327 Croydon CR9 5WB 0870..k",1,1,0.99813986,0.0018601303,train
WIN a year supply of CDs 4 a store of ur choice worth å£500 & enter our å£100 Weekly draw txt MUSIC to 87066 Ts&Cs www.Ldew.com.subs16+1win150ppmx3,1,1,0.9982768,0.0017231214,train
Todays Voda numbers ending with 7634 are selected to receive a å£350 reward. If you have a match please call 08712300220 quoting claim code 7684 standard rates apply.,1,1,0.99822134,0.0017787109,train
"Get 3 Lions England tone, reply lionm 4 mono or lionp 4 poly. 4 more go 2 www.ringtones.co.uk, the original n best. Tones 3GBP network operator rates apply.",1,1,0.9980782,0.0019217399,train
Urgent! Please call 09061213237 from landline. å£5000 cash or a luxury 4* Canary Islands Holiday await collection. T&Cs SAE PO Box 177. M227XY. 150ppm. 16+,1,1,0.9981982,0.0018018589,train
"Do you ever notice that when you're driving, anyone going slower than you is an idiot and everyone driving faster than you is a maniac?",1,1,0.9836557,0.016344292,train
"Dear Voucher Holder, To claim this weeks offer, at you PC please go to http://www.e-tlp.co.uk/reward. Ts&Cs apply.",1,1,0.9978046,0.002195419,train
"Urgent UR awarded a complimentary trip to EuroDisinc Trav, Aco&Entry41 Or å£1000. To claim txt DIS to 87121 18+6*å£1.50(moreFrmMob. ShrAcomOrSglSuplt)10, LS1 3AJ",1,1,0.9982488,0.0017512653,train
Lol its ok I didn't remember til last nite,0,0,0.0016870598,0.99831295,train
K...k...when will you give treat?,0,0,0.0016631307,0.9983368,train
"You can stop further club tones by replying \STOP MIX\"" See my-tone.com/enjoy. html for terms. Club tones cost GBP4.50/week. MFL",1,1,0.99810636,0.0018935871,train
K..i deleted my contact that why?,0,0,0.001614129,0.9983859,train
Its on in engalnd! But telly has decided it won't let me watch it and mia and elliot were kissing! Damn it!,0,0,0.0017590482,0.99824095,train
Just checking in on you. Really do miss seeing Jeremiah. Do have a great month,0,0,0.0019323934,0.9980677,train
Urgent! Please call 09061213237 from a landline. å£5000 cash or a 4* holiday await collection. T &Cs SAE PO Box 177 M227XY. 16+,1,1,0.99820197,0.0017980345,train
Get your garden ready for summer with a FREE selection of summer bulbs and seeds worth å£33:50 only with The Scotsman this Saturday. To stop go2 notxt.co.uk,1,1,0.9976699,0.002330147,train
Your next amazing xxx PICSFREE1 video will be sent to you enjoy! If one vid is not enough for 2day text back the keyword PICSFREE1 to get the next video.,1,1,0.99742186,0.0025781314,train
"I wake up long ago already... Dunno, what other thing?",0,0,0.0016007997,0.9983992,train
"I'm used to it. I just hope my agents don't drop me since i've only booked a few things this year. This whole me in boston, them in nyc was an experiment.",0,0,0.01217407,0.98782593,train
"500 New Mobiles from 2004, MUST GO! Txt: NOKIA to No: 89545 & collect yours today!From ONLY å£1 www.4-tc.biz 2optout 087187262701.50gbp/mtmsg18",1,1,0.99820364,0.0017963415,train
"Hi ya babe x u 4goten bout me?' scammers getting smart..Though this is a regular vodafone no, if you respond you get further prem rate msg/subscription. Other nos used also. Beware!",1,1,0.9975193,0.0024806052,train
Dude just saw a parked car with its sunroof popped up. Sux,0,0,0.0021274267,0.9978726,train
Congratulations ur awarded either a yrs supply of CDs from Virgin Records or a Mystery Gift GUARANTEED Call 09061104283 Ts&Cs www.smsco.net å£1.50pm approx 3mins,1,1,0.998256,0.0017439438,train
I was wondering if it would be okay for you to call uncle john and let him know that things are not the same in nigeria as they r here. That  &lt;#&gt;  dollars is 2years sent and that you know its a strain but i plan to pay back every dime he gives. Every dime so for me to expect anything from you is not practical. Something like that.,0,0,0.0021883505,0.99781173,train
Wot is u up 2 then bitch?,0,0,0.0015636517,0.9984364,train
"Bored of speed dating? Try SPEEDCHAT, txt SPEEDCHAT to 80155, if you don't like em txt SWAP and get a new chatter! Chat80155 POBox36504W45WQ 150p/msg rcd 16",1,1,0.9982298,0.001770256,train
lyricalladie(21/F) is inviting you to be her friend. Reply YES-910 or NO-910. See her: www.SMS.ac/u/hmmross STOP? Send STOP FRND to 62468,1,1,0.99807066,0.00192937,train
SMS. ac sun0819 posts HELLO:\You seem cool,1,1,0.99778533,0.0022146124,train
Okay but i thought you were the expert,0,0,0.0019405605,0.99805945,train
Buy Space Invaders 4 a chance 2 win orig Arcade Game console. Press 0 for Games Arcade (std WAP charge) See o2.co.uk/games 4 Terms + settings. No purchase,1,1,0.9978393,0.0021607669,train
RCT' THNQ Adrian for U text. Rgds Vatian,1,1,0.99623126,0.0037687747,train
Another month. I need chocolate weed and alcohol.,0,0,0.001858211,0.99814177,train
"Urgent! call 09061749602 from Landline. Your complimentary 4* Tenerife Holiday or å£10,000 cash await collection SAE T&Cs BOX 528 HP20 1YF 150ppm 18+",1,1,0.9982243,0.001775678,train
My slave! I want you to take 2 or 3 pictures of yourself today in bright light on your cell phone! Bright light!,0,0,0.051865887,0.9481341,train
Cashbin.co.uk (Get lots of cash this weekend!) www.cashbin.co.uk Dear Welcome to the weekend We have got our biggest and best EVER cash give away!! These..,1,1,0.99551094,0.0044890665,train
Warner Village 83118 C Colin Farrell in SWAT this wkend @Warner Village & get 1 free med. Popcorn!Just show msg+ticket@kiosk.Valid 4-7/12. C t&c @kiosk. Reply SONY 4 mre film offers,1,1,0.9982247,0.0017753569,train
Try to do something dear. You read something for exams,0,0,0.0020061324,0.99799395,train
"Haha... Where got so fast lose weight, thk muz go 4 a month den got effect... Gee,later we go aust put bk e weight.",0,0,0.0017537596,0.9982463,train
No need to buy lunch for me.. I eat maggi mee..,0,0,0.0015531295,0.9984469,train
Get ready for  &lt;#&gt;  inches of pleasure...,0,0,0.0017480819,0.99825186,train
See? I thought it all through,0,0,0.0017646151,0.99823534,train
Okie...,0,0,0.0017142539,0.9982857,train
Talk sexy!! Make new friends or fall in love in the worlds most discreet text dating service. Just text VIP to 83110 and see who you could meet.,1,1,0.99802774,0.001972285,train
Mode men or have you left.,0,0,0.0017526244,0.9982474,train
Email AlertFrom: Jeri StewartSize: 2KBSubject: Low-cost prescripiton drvgsTo listen to email call 123,1,1,0.9976291,0.0023709373,train
No. But we'll do medical missions to nigeria,0,0,0.0019463254,0.99805367,train
Do you want a new Video handset? 750 any time any network mins? UNLIMITED TEXT? Camcorder? Reply or Call now 08000930705 for del Sat AM,1,1,0.9982322,0.0017678054,train
Yes:)sura in sun tv.:)lol.,0,0,0.0016197591,0.9983802,train
+449071512431 URGENT! This is the 2nd attempt to contact U!U have WON å£1250 CALL 09071512433 b4 050703 T&CsBCM4235WC1N3XX. callcost 150ppm mobilesvary. maxå£7. 50,1,1,0.9981445,0.0018555236,train
<Forwarded from 21870000>Hi - this is your Mailbox Messaging SMS alert. You have 40 matches. Please call back on 09056242159 to retrieve your messages and matches cc100p/min,1,1,0.99825305,0.0017469057,train
Moby Pub Quiz.Win a å£100 High Street prize if u know who the new Duchess of Cornwall will be? Txt her first name to 82277.unsub STOP å£1.50 008704050406 SP Arrow,1,1,0.99812275,0.0018772171,train
PRIVATE! Your 2003 Account Statement for shows 800 un-redeemed S. I. M. points. Call 08715203694 Identifier Code: 40533 Expires 31/10/04,1,1,0.99823904,0.0017609263,train
Sorry da. I gone mad so many pending works what to do.,0,0,0.0015536642,0.9984464,train
Ur cash-balance is currently 500 pounds - to maximize ur cash-in now send GO to 86688 only 150p/msg. CC 08718720201 HG/Suite342/2Lands Row/W1J6HL,1,1,0.99818283,0.001817176,train
:-( sad puppy noise,0,0,0.0021256206,0.9978744,train
:) ,0,0,0.0025390137,0.99746096,train
Just sleeping..and surfing,0,0,0.0017145053,0.9982855,train
K. I will sent it again,0,0,0.0016968811,0.99830306,train
Babe? You said 2 hours and it's been almost 4 ... Is your internet down ?,0,0,0.0029728143,0.9970272,train
Finish liao... U?,0,0,0.0015288455,0.9984711,train
I'm in chennai velachery:),0,0,0.0018366884,0.9981633,train
"Can you please ask macho what his price range is, does he want something new or used plus it he only interfued in the blackberry bold  &lt;#&gt;  or any bb",0,0,0.0025805212,0.9974195,train
8007 25p 4 Alfie Moon's Children in Need song on ur mob. Tell ur m8s. Txt TONE CHARITY to 8007 for nokias or POLY CHARITY for polys :zed 08701417012 profit 2 charity ,1,1,0.9981592,0.001840723,train
You have an important customer service announcement from PREMIER. Call FREEPHONE 0800 542 0578 now!,1,1,0.99828786,0.0017120993,train
"Had your contract mobile 11 Mnths? Latest Motorola, Nokia etc. all FREE! Double Mins & Text on Orange tariffs. TEXT YES for callback, no to remove from records.",1,1,0.9978654,0.0021346798,train
Want the latest Video handset? 750 anytime any network mins? Half price line rental? Reply or call 08000930705 for delivery tomorrow,1,1,0.99821043,0.0017895218,train
I send the print  outs da.,0,0,0.0015821205,0.99841785,train
Ur HMV Quiz cash-balance is currently å£500 - to maximize ur cash-in now send HMV1 to 86688 only 150p/msg,1,1,0.99817145,0.0018285086,train
Some of them told accenture is not confirm. Is it true.,0,0,0.00197247,0.9980275,train
"FreeMsg Hey there darling it's been 3 week's now and no word back! I'd like some fun you up for it still? Tb ok! XxX std chgs to send, å£1.50 to rcv",1,1,0.99806136,0.0019385814,train
Good morning. At the repair shop--the ONLY reason i'm up at this hour.,0,0,0.0023665654,0.99763346,train
Oi. Ami parchi na re. Kicchu kaaj korte iccha korche na. Phone ta tul na. Plz. Plz.,0,0,0.0025564653,0.99744356,train
"Hey chief, can you give me a bell when you get this. Need to talk to you about this royal visit on the 1st june. ",0,0,0.009491099,0.9905089,train
I don't know u and u don't know me. Send CHAT to 86688 now and let's find each other! Only 150p/Msg rcvd. HG/Suite342/2Lands/Row/W1J6HL LDN. 18 years or over.,1,1,0.99814606,0.0018540157,train
"U wake up already? Wat u doing? U picking us up later rite? I'm taking sq825, reaching ard 7 smth 8 like dat. U can check e arrival time. C ya soon...",0,0,0.0018882137,0.99811184,train
Customer service annoncement. You have a New Years delivery waiting for you. Please call 07046744435 now to arrange delivery,1,1,0.99807525,0.001924768,train
"Customer service announcement. We recently tried to make a delivery to you but were unable to do so, please call 07099833605 to re-schedule. Ref:9280114",1,1,0.9981882,0.0018117859,train
So do you have samus shoulders yet,0,0,0.0018384762,0.9981615,train
PRIVATE! Your 2004 Account Statement for 07742676969 shows 786 unredeemed Bonus Points. To claim call 08719180248 Identifier Code: 45239 Expires,1,1,0.99819297,0.0018070801,train
Yes princess! I want to make you happy...,0,0,0.0017202523,0.9982798,train
So li hai... Me bored now da lecturer repeating last weeks stuff waste time... ,0,0,0.0015985912,0.99840146,train
Yes..gauti and sehwag out of odi series.,0,0,0.0018842007,0.9981158,train
Yup... Ok i go home look at the timings then i msg Ì_ again... Xuhui going to learn on 2nd may too but her lesson is at 8am,0,0,0.0018979135,0.9981021,train
"SMSSERVICES. for yourinclusive text credits, pls goto www.comuk.net login= 3qxj9 unsubscribe with STOP, no extra charge. help 08702840625.COMUK. 220-CM2 9AE",1,1,0.9982638,0.0017362945,train
"URGENT! Your Mobile No was awarded a å£2,000 Bonus Caller Prize on 1/08/03! This is our 2nd attempt to contact YOU! Call 0871-4719-523 BOX95QU BT National Rate",1,1,0.9982222,0.0017777787,train
CALL 09090900040 & LISTEN TO EXTREME DIRTY LIVE CHAT GOING ON IN THE OFFICE RIGHT NOW TOTAL PRIVACY NO ONE KNOWS YOUR [sic] LISTENING 60P MIN 24/7MP 0870753331018+,1,1,0.99817777,0.001822274,train
Free 1st week entry 2 TEXTPOD 4 a chance 2 win 40GB iPod or å£250 cash every wk. Txt POD to 84128 Ts&Cs www.textpod.net custcare 08712405020.,1,1,0.99821174,0.0017882976,train
Guess what! Somebody you know secretly fancies you! Wanna find out who it is? Give us a call on 09065394514 From Landline DATEBox1282EssexCM61XN 150p/min 18,1,1,0.9981596,0.0018404515,train
Your 2004 account for 07XXXXXXXXX shows 786 unredeemed points. To claim call 08719181259 Identifier code: XXXXX Expires 26.03.05,1,1,0.99827373,0.0017262594,train
YOU HAVE WON! As a valued Vodafone customer our computer has picked YOU to win a å£150 prize. To collect is easy. Just call 09061743386 ,1,1,0.99821705,0.0017829838,train
"Dear Matthew please call 09063440451 from a landline, your complimentary 4*Lux Tenerife holiday or å£1000 CASH await collection. ppm150 SAE T&Cs Box334 SK38XH.",1,1,0.99815446,0.0018455074,train
"As a SIM subscriber, you are selected to receive a Bonus! Get it delivered to your door, Txt the word OK to No: 88600 to claim. 150p/msg, EXP. 30Apr",1,1,0.9981553,0.0018446626,train
Let me know how it changes in the next 6hrs. It can even be appendix but you are out of that age range. However its not impossible. So just chill and let me know in 6hrs,0,0,0.006519321,0.9934807,train
Ok Chinese food on its way. When I get fat you're paying for my lipo.,0,0,0.0016372349,0.9983627,train
"Wishing you and your family Merry \X\"" mas and HAPPY NEW Year in advance..""",0,0,0.002110531,0.99788946,train
Natalja (25/F) is inviting you to be her friend. Reply YES-440 or NO-440 See her: www.SMS.ac/u/nat27081980 STOP? Send STOP FRND to 62468,1,1,0.99820757,0.0017924751,train
Married local women looking for discreet action now! 5 real matches instantly to your phone. Text MATCH to 69969 Msg cost 150p 2 stop txt stop BCMSFWC1N3XX,1,1,0.9982174,0.0017825952,train
"You are a å£1000 winner or Guaranteed Caller Prize, this is our Final attempt to contact you! To Claim Call 09071517866 Now! 150ppmPOBox10183BhamB64XE",1,1,0.99818027,0.0018197969,train
Omg I want to scream. I weighed myself and I lost more weight! Woohoo!,0,0,0.0016278102,0.99837226,train
07732584351 - Rodger Burns - MSG = We tried to call you re your reply to our sms for a free nokia mobile + free camcorder. Please call now 08000930705 for delivery tomorrow,1,1,0.9982278,0.001772287,train
PRIVATE! Your 2003 Account Statement for 078,1,1,0.99677104,0.0032288928,train
If you hear a loud scream in about &lt;#&gt; minutes its cause my Gyno will be shoving things up me that don't belong :/,0,0,0.0017601673,0.9982399,train
What you doing?how are you?,0,0,0.0022950775,0.9977049,train
She's good. How are you. Where r u working now,0,0,0.0016177972,0.9983822,train
Did you catch the bus ? Are you frying an egg ? Did you make a tea? Are you eating your mom's left over dinner ? Do you feel my Love ?,0,0,0.0074472516,0.9925527,train
"see you then, we're all christmassy here!",0,0,0.0017231642,0.9982768,train
So what u doing today?,0,0,0.0016675473,0.99833244,train
You will be receiving this week's Triple Echo ringtone shortly. Enjoy it!,1,1,0.9960801,0.003919916,train
For sale - arsenal dartboard. Good condition but no doubles or trebles!,1,1,0.9962857,0.0037143612,train
FREE for 1st week! No1 Nokia tone 4 ur mobile every week just txt NOKIA to 8077 Get txting and tell ur mates. www.getzed.co.uk POBox 36504 W45WQ 16+ norm150p/tone,1,1,0.9981881,0.0018118763,train
"New Tones This week include: 1)McFly-All Ab.., 2) Sara Jorge-Shock.. 3) Will Smith-Switch.. To order follow instructions on next message",1,1,0.9962598,0.0037402394,train
"Thanks for your Ringtone Order, Reference T91. You will be charged GBP 4 per week. You can unsubscribe at anytime by calling customer services on 09057039994",1,1,0.9982668,0.0017331921,train
URGENT! Your Mobile number has been awarded with a å£2000 prize GUARANTEED. Call 09058094455 from land line. Claim 3030. Valid 12hrs only,1,1,0.9982982,0.001701828,train
I'm really sorry I lit your hair on fire,0,0,0.0019208248,0.9980792,train
Excellent! Are you ready to moan and scream in ecstasy?,0,0,0.0032236944,0.9967763,train
Please CALL 08712402779 immediately as there is an urgent message waiting for you,1,1,0.9981358,0.0018641718,train
I'm going 2 orchard now laready me reaching soon. U reaching?,0,0,0.001596508,0.9984035,train
Why tired what special there you had,0,0,0.0017994016,0.99820054,train
After completed degree. There is no use in joining finance.,0,0,0.0027838647,0.9972161,train
"You've won tkts to the EURO2004 CUP FINAL or å£800 CASH, to collect CALL 09058099801 b4190604, POBOX 7876150ppm",1,1,0.9981256,0.0018744317,train
URGENT! We are trying to contact U. Todays draw shows that you have won a å£2000 prize GUARANTEED. Call 09058094507 from land line. Claim 3030. Valid 12hrs only,1,1,0.9982672,0.0017328226,train
"You have won ?1,000 cash or a ?2,000 prize! To claim, call09050000327",1,1,0.998142,0.001857998,train
I have printed it oh. So  &lt;#&gt;  come upstairs,0,0,0.0016530904,0.9983469,train
Lol they were mad at first but then they woke up and gave in.,0,0,0.0019506235,0.9980494,train
Oops I was in the shower when u called. Hey a parking garage collapsed at university hospital. See I'm not crazy. Stuff like that DOES happen.,0,0,0.0019408265,0.9980592,train
"FREE RINGTONE text FIRST to 87131 for a poly or text GET to 87131 for a true tone! Help? 0845 2814032 16 after 1st free, tones are 3xå£150pw to eå£nd txt stop",1,1,0.9982135,0.0017865399,train
No message..no responce..what happend?,0,0,0.0016703472,0.9983297,train
"I want some cock! My hubby's away, I need a real man 2 satisfy me. Txt WIFE to 89938 for no strings action. (Txt STOP 2 end, txt rec å£1.50ea. OTBox 731 LA1 7WS. )",1,1,0.99809736,0.0019026997,train
"Night has ended for another day, morning has come in a special way. May you smile like the sunny rays and leaves your worries at the blue blue bay. Gud mrng",0,0,0.0028598595,0.99714017,train
Hard LIVE 121 chat just 60p/min. Choose your girl and connect LIVE. Call 09094646899 now! Cheap Chat UK's biggest live service. VU BCM1896WC1N3XX,1,1,0.9982613,0.0017387475,train
Sex up ur mobile with a FREE sexy pic of Jordan! Just text BABE to 88600. Then every wk get a sexy celeb! PocketBabe.co.uk 4 more pics. 16 å£3/wk 087016248,1,1,0.99820113,0.0017988579,train
This msg is for your mobile content order It has been resent as previous attempt failed due to network error Queries to customersqueries@netvision.uk.com,1,1,0.9971975,0.002802475,train
As one of our registered subscribers u can enter the draw 4 a 100 G.B. gift voucher by replying with ENTER. To unsubscribe text STOP,1,1,0.9974214,0.0025786662,train
Yup but it's not giving me problems now so mayb i'll jus leave it...,0,0,0.0016221297,0.9983778,train
"Aight, we'll head out in a few",0,0,0.0018541798,0.9981458,train
"TheMob>Hit the link to get a premium Pink Panther game, the new no. 1 from Sugababes, a crazy Zebra animation or a badass Hoody wallpaper-all 4 FREE!",1,1,0.9976508,0.002349195,train
XMAS iscoming & ur awarded either å£500 CD gift vouchers & free entry 2 r å£100 weekly draw txt MUSIC to 87066 TnC www.Ldew.com1win150ppmx3age16subscription ,1,1,0.99823123,0.00176877,train
Our brand new mobile music service is now live. The free music player will arrive shortly. Just install on your phone to browse content from the top artists.,1,1,0.99692684,0.0030731338,train
Where are you ? What do you do ? How can you stand to be away from me ? Doesn't your heart ache without me ? Don't you wonder of me ? Don't you crave me ?,0,0,0.0061855405,0.99381447,train
EASTENDERS TV Quiz. What FLOWER does DOT compare herself to? D= VIOLET E= TULIP F= LILY txt D E or F to 84025 NOW 4 chance 2 WIN å£100 Cash WKENT/150P16+,1,1,0.99811006,0.0018899443,train
Call 09095350301 and send our girls into erotic ecstacy. Just 60p/min. To stop texts call 08712460324 (nat rate),1,1,0.99830735,0.0016926869,train
"Well am officially in a philosophical hole, so if u wanna call am at home ready to be saved!",0,0,0.0016822226,0.99831784,train
I'll talk to the others and probably just come early tomorrow then,0,0,0.0025967578,0.9974032,train
You have won a guaranteed 32000 award or maybe even å£1000 cash to claim ur award call free on 0800 ..... (18+). Its a legitimat efreefone number wat do u think???,1,1,0.9980482,0.0019518604,train
Want explicit SEX in 30 secs? Ring 02073162414 now! Costs 20p/min,1,1,0.9982141,0.0017859387,train
Its  &lt;#&gt; k here oh. Should i send home for sale.,0,0,0.0016895271,0.99831045,train
Well welp is sort of a semiobscure internet thing,0,0,0.0021835514,0.99781644,train
I just really need shit before tomorrow and I know you won't be awake before like 6,0,0,0.0020747327,0.9979253,train
Yes I posted a couple of pics on fb. There's still snow outside too. I'm just waking up :),0,0,0.0024237817,0.9975762,train
Send a logo 2 ur lover - 2 names joined by a heart. Txt LOVE NAME1 NAME2 MOBNO eg LOVE ADAM EVE 07123456789 to 87077 Yahoo! POBox36504W45WQ TxtNO 4 no ads 150p,1,1,0.99818295,0.0018170323,train
Thank you baby! I cant wait to taste the real thing...,0,0,0.0016319847,0.9983681,train
NEFT Transaction with reference number  &lt;#&gt;  for Rs. &lt;DECIMAL&gt;  has been credited to the beneficiary account on  &lt;#&gt;  at  &lt;TIME&gt; : &lt;#&gt;,0,0,0.0029493368,0.99705064,train
Mum ask Ì_ to buy food home...,0,0,0.0017453664,0.9982546,train
Went to ganesh dress shop,0,0,0.003183187,0.9968168,train
"Friendship is not a game to play, It is not a word to say, It doesn\'t start on March and ends on May, It is tomorrow, yesterday, today and e",0,0,0.002238998,0.997761,train
She's fine. Good to hear from you. How are you my dear? Happy new year oh.,0,0,0.0019430242,0.99805695,train
ROMCAPspam Everyone around should be responding well to your presence since you are so warm and outgoing. You are bringing in a real breath of sunshine.,1,1,0.9930779,0.0069220974,train
Where you. What happen,0,0,0.0015654304,0.9984346,train
I take it the post has come then! You must have 1000s of texts now! Happy reading. My one from wiv hello caroline at the end is my favourite. Bless him,0,0,0.0037964894,0.9962035,train
Sorry da thangam.it's my mistake.,0,0,0.0015566983,0.9984433,train
So how many days since then?,0,0,0.0030103477,0.9969896,train
Pls dont restrict her from eating anythin she likes for the next two days.,0,0,0.0017295938,0.9982704,train
"Babe ! How goes that day ? What are you doing ? Where are you ? I sip my cappuccino and think of you, my love ... I send a kiss to you from across the sea",0,0,0.0026027667,0.9973972,train
"What's up bruv, hope you had a great break. Do have a rewarding semester.",0,0,0.0022812071,0.9977188,train
R u saying i should re order the slippers cos i had to pay for returning it.,0,0,0.0016466241,0.99835336,train
"URGENT! Your mobile No 07xxxxxxxxx won a å£2,000 bonus caller prize on 02/06/03! this is the 2nd attempt to reach YOU! call 09066362231 ASAP! BOX97N7QP, 150PPM",1,1,0.9982906,0.0017093932,train
Except theres a chick with huge boobs.,0,0,0.0020703892,0.9979296,train
"Rock yr chik. Get 100's of filthy films &XXX pics on yr phone now. rply FILTH to 69669. Saristar Ltd, E14 9YT 08701752560. 450p per 5 days. Stop2 cancel",1,1,0.9982534,0.0017465749,train
ÌÏ dun need to pick ur gf?,0,0,0.0016429628,0.998357,train
Do you want a New Nokia 3510i colour phone DeliveredTomorrow? With 300 free minutes to any mobile + 100 free texts + Free Camcorder reply or call 08000930705,1,1,0.99817646,0.0018235972,train
"1000's flirting NOW! Txt GIRL or BLOKE & ur NAME & AGE, eg GIRL ZOE 18 to 8007 to join and get chatting!",1,1,0.9977791,0.0022209615,train
Welcome! Please reply with your AGE and GENDER to begin. e.g 24M,1,1,0.99594754,0.0040524746,train
Get the official ENGLAND poly ringtone or colour flag on yer mobile for tonights game! Text TONE or FLAG to 84199. Optout txt ENG STOP Box39822 W111WX å£1.50,1,1,0.99812156,0.0018784353,train
U have a Secret Admirer who is looking 2 make contact with U-find out who they R*reveal who thinks UR so special-call on 09065171142-stopsms-08,1,1,0.9981437,0.0018563848,train
Back in brum! Thanks for putting us up and keeping us all and happy. See you soon ,0,0,0.0019270052,0.998073,train
Have you finished work yet? :),0,0,0.0020318697,0.99796814,train
"5 Free Top Polyphonic Tones call 087018728737, National Rate. Get a toppoly tune sent every week, just text SUBPOLY to 81618, å£3 per pole. UnSub 08718727870.",1,1,0.9982564,0.001743661,train
Tell rob to mack his gf in the theater,0,0,0.0017997195,0.9982003,train
ÌÏ neva tell me how i noe... I'm not at home in da aft wat... ,0,0,0.0016037471,0.9983962,train
"Hello. Sort of out in town already. That . So dont rush home, I am eating nachos. Will let you know eta.",0,0,0.0016823137,0.9983177,train
"I am late,so call you tomorrow morning.take care sweet dreams....u and me...ummifying...bye.",0,0,0.0016563281,0.9983437,train
Mum not going robinson already.,0,0,0.0017445408,0.99825543,train
FREE entry into our å£250 weekly comp just send the word WIN to 80086 NOW. 18 T&C www.txttowin.co.uk,1,1,0.9982461,0.0017539664,train
Aiyo please Ì_ got time meh.,0,0,0.0017242597,0.99827576,train
How many times i told in the stage all use to laugh. You not listen aha.,0,0,0.0017900288,0.99820995,train
"ou are guaranteed the latest Nokia Phone, a 40GB iPod MP3 player or a å£500 prize! Txt word: COLLECT to No: 83355! IBHltd LdnW15H 150p/Mtmsgrcvd18",1,1,0.9981647,0.0018353236,train
I dont thnk its a wrong calling between us,0,0,0.0016829442,0.9983171,train
We tried to contact you re your reply to our offer of a Video Phone 750 anytime any network mins Half Price Line Rental Camcorder Reply or call 08000930705,1,1,0.9981962,0.0018037999,train
Sent me de webadres for geting salary slip,0,0,0.0017553914,0.99824464,train
we tried to contact you re your response to our offer of a new nokia fone and camcorder hit reply or call 08000930705 for delivery,1,1,0.99820316,0.0017968067,train
Jus came back fr lunch wif my sis only. U leh?,0,0,0.0016948374,0.9983052,train
"Anyway I don't think I can secure anything up here, lemme know if you want me to drive down south and chill",0,0,0.0018719906,0.998128,train
"Update_Now - Xmas Offer! Latest Motorola, SonyEricsson & Nokia & FREE Bluetooth! Double Mins & 1000 Txt on Orange. Call MobileUpd8 on 08000839402 or call2optout/F4Q=",1,1,0.9982969,0.0017031222,train
Sorry about that this is my mates phone and i didnt write it love Kate,0,0,0.0016176453,0.99838233,train
"Hey babe, how's it going ? Did you ever figure out where your going for New Years ?",0,0,0.0063065905,0.9936935,train
Not heard from U4 a while. Call me now am here all night with just my knickers on. Make me beg for it like U did last time 01223585236 XX Luv Nikiyu4.net,1,1,0.99768317,0.0023168295,train
URGENT! We are trying to contact you. Last weekends draw shows that you have won a å£900 prize GUARANTEED. Call 09061701939. Claim code S89. Valid 12hrs only,1,1,0.99817824,0.0018217692,train
December only! Had your mobile 11mths+? You are entitled to update to the latest colour camera mobile for Free! Call The Mobile Update Co FREE on 08002986906 ,1,1,0.99829525,0.0017047833,train
Draw va?i dont think so:),0,0,0.0015740907,0.99842596,train
"You are being contacted by our dating service by someone you know! To find out who it is, call from a land line 09050000928. PoBox45W2TG150P",1,1,0.99824995,0.0017500418,train
When u wana see it then,0,0,0.0018205929,0.99817944,train
"Dad wanted to talk about the apartment so I got a late start, omw now",0,0,0.0017043233,0.9982957,train
"U were outbid by simonwatson5120 on the Shinco DVD Plyr. 2 bid again, visit sms. ac/smsrewards 2 end bid notifications, reply END OUT",1,1,0.99803215,0.001967872,train
PRIVATE! Your 2003 Account Statement for 07973788240 shows 800 un-redeemed S. I. M. points. Call 08715203649 Identifier Code: 40533 Expires 31/10/04,1,1,0.99825317,0.0017468043,train
Was playng 9 doors game and gt racing on phone lol,0,0,0.003234767,0.99676526,train
Free entry in 2 a wkly comp to win FA Cup final tkts 21st May 2005. Text FA to 87121 to receive entry question(std txt rate)T&C's apply 08452810075over18's,1,1,0.9980927,0.0019072335,train
Ok... U enjoy ur shows...,0,0,0.0016060417,0.99839395,train
Watching telugu movie..wat abt u?,0,0,0.0017397461,0.9982603,train
"Dear, will call Tmorrow.pls accomodate.",0,0,0.0016093303,0.9983907,train
Hey darlin.. i can pick u up at college if u tell me wen & where 2 mt.. love Pete xx,0,0,0.0017106883,0.9982893,train
Please call our customer service representative on 0800 169 6031 between 10am-9pm as you have WON a guaranteed å£1000 cash or å£5000 prize!,1,1,0.9980071,0.001992927,train
PRIVATE! Your 2003 Account Statement for 07808247860 shows 800 un-redeemed S. I. M. points. Call 08719899229 Identifier Code: 40411 Expires 06/11/04,1,1,0.99829715,0.0017028351,train
Jus ans me lar. U'll noe later.,0,0,0.0017473898,0.9982526,train
Congratulations ur awarded either å£500 of CD gift vouchers & Free entry 2 our å£100 weekly draw txt MUSIC to 87066 TnCs www.Ldew.com1win150ppmx3age16,1,1,0.9982279,0.001772076,train
Good morning princess! Have a great day!,0,0,0.004266482,0.99573356,train
We have new local dates in your area - Lots of new people registered in YOUR AREA. Reply DATE to start now! 18 only www.flirtparty.us REPLYS150,1,1,0.9978683,0.0021316886,train
GSOH? Good with SPAM the ladies?U could b a male gigolo? 2 join the uk's fastest growing mens club reply ONCALL. mjzgroup. 08714342399.2stop reply STOP. msg@å£1.50rcvd,1,1,0.9982262,0.0017737993,train
Wait  &lt;#&gt;  min..,0,0,0.0017502826,0.9982497,train
"Multiply the numbers independently and count decimal points then, for the division, push the decimal places like i showed you.",0,0,0.010692436,0.9893076,train
This is the 2nd time we have tried to contact u. U have won the å£1450 prize to claim just call 09053750005 b4 310303. T&Cs/stop SMS 08718725756. 140ppm,1,1,0.9982151,0.0017849164,train
Where's mummy's boy ? Is he being good or bad ? Is he being positive or negative ? Why is mummy being made to wait? Hmmmm?,0,0,0.0037261455,0.9962739,train
Adult 18 Content Your video will be with you shortly,1,1,0.9954839,0.004516177,train
I accidentally deleted the message. Resend please.,0,0,0.0020078057,0.99799216,train
wamma get laid?want real doggin locations sent direct to your mobile? join the UKs largest dogging network. txt dogs to 69696 now!nyt. ec2a. 3lp å£1.50/msg.,1,1,0.9981773,0.0018227667,train
As a registered optin subscriber ur draw 4 å£100 gift voucher will be entered on receipt of a correct ans to 80062 Whats No1 in the BBC charts,1,1,0.99791175,0.0020882583,train
FREE MSG:We billed your mobile number by mistake from shortcode 83332.Please call 08081263000 to have charges refunded.This call will be free from a BT landline,1,1,0.99828845,0.001711586,train
network operator. The service is free. For T & C's visit 80488.biz,1,1,0.9980241,0.0019759273,train
DO NOT B LATE LOVE MUM,0,0,0.0018880618,0.99811196,train
As a Registered Subscriber yr draw 4 a å£100 gift voucher will b entered on receipt of a correct ans. When are the next olympics. Txt ans to 80062,1,1,0.9981798,0.0018201674,train
Bought one ringtone and now getting texts costing 3 pound offering more tones etc,1,1,0.996702,0.0032980086,train
Ya:)going for restaurant..,0,0,0.0016059919,0.99839395,train
"You are guaranteed the latest Nokia Phone, a 40GB iPod MP3 player or a å£500 prize! Txt word: COLLECT to No: 83355! IBHltd LdnW15H 150p/Mtmsgrcvd18",1,1,0.99819046,0.0018095503,train
SMS. ac Sptv: The New Jersey Devils and the Detroit Red Wings play Ice Hockey. Correct or Incorrect? End? Reply END SPTV,1,1,0.9971106,0.0028894218,train
K:)k:)good:)study well.,0,0,0.0022555143,0.99774456,train
ok. I am a gentleman and will treat you with dignity and respect.,0,0,0.0020060262,0.99799395,train
74355 XMAS iscoming & ur awarded either å£500 CD gift vouchers & free entry 2 r å£100 weekly draw txt MUSIC to 87066 TnC,1,1,0.9979888,0.00201114,train
Did u find out what time the bus is at coz i need to sort some stuff out.,0,0,0.001763798,0.9982362,train
"Thanks for your ringtone order, ref number K718. Your mobile will be charged å£4.50. Should your tone not arrive please call customer services on 09065069120",1,1,0.9982127,0.0017872764,train
No no. I will check all rooms befor activities,0,0,0.001501877,0.9984981,train
We tried to contact you re our offer of New Video Phone 750 anytime any network mins HALF PRICE Rental camcorder call 08000930705 or reply for delivery Wed,1,1,0.9981679,0.0018320978,train
Good morning pookie pie! Lol hope I didn't wake u up,0,0,0.0016713492,0.9983286,train
Dear we are going to our rubber place,0,0,0.0018645668,0.99813545,train
"Like  &lt;#&gt; , same question",0,0,0.0017637584,0.9982362,train
UÛªve Bin Awarded å£50 to Play 4 Instant Cash. Call 08715203028 To Claim. EVERY 9th Player Wins Min å£50-å£500. OptOut 08718727870,1,1,0.99811065,0.0018893931,train
Yar lor... Keep raining non stop... Or u wan 2 go elsewhere?,0,0,0.001534601,0.9984654,train
WINNER! As a valued network customer you hvae been selected to receive a å£900 reward! To collect call 09061701444. Valid 24 hours only. ACL03530150PM,1,1,0.9982816,0.0017183797,train
Text & meet someone sexy today. U can find a date or even flirt its up to U. Join 4 just 10p. REPLY with NAME & AGE eg Sam 25. 18 -msg recd@thirtyeight pence,1,1,0.99774086,0.0022591788,train
"For your chance to WIN a FREE Bluetooth Headset then simply reply back with \ADP\""""",1,1,0.9964706,0.0035294828,train
Sexy Singles are waiting for you! Text your AGE followed by your GENDER as wither M or F E.G.23F. For gay men text your AGE followed by a G. e.g.23G.,1,1,0.9968585,0.003141493,train
Okie.. Thanx..,0,0,0.0016833056,0.99831676,train
Free Top ringtone -sub to weekly ringtone-get 1st week free-send SUBPOLY to 81618-?3 per week-stop sms-08718727870,1,1,0.9982145,0.0017855732,train
Have a good trip. Watch out for . Remember when you get back we must decide about easter.,0,0,0.0022932966,0.99770665,train
I emailed yifeng my part oredi.. Can Ì_ get it fr him..,0,0,0.0016252347,0.9983747,train
Sorry i now then c ur msg... Yar lor so poor thing... But only 4 one night... Tmr u'll have a brand new room 2 sleep in...,0,0,0.0016136867,0.9983864,train
I tot it's my group mate... Lucky i havent reply... Wat time do Ì_ need to leave... ,0,0,0.0016568231,0.9983431,train
Also hi wesley how've you been,0,0,0.0017549067,0.9982451,train
How much i gave to you. Morning.,0,0,0.0017173575,0.9982827,train
You'll not rcv any more msgs from the chat svc. For FREE Hardcore services text GO to: 69988 If u get nothing u must Age Verify with yr network & try again,1,1,0.99799013,0.0020098723,train
SMS AUCTION You have won a Nokia 7250i. This is what you get when you win our FREE auction. To take part send Nokia to 86021 now. HG/Suite342/2Lands Row/W1JHL 16+,1,1,0.9982665,0.0017334716,train
Wat so late still early mah. Or we juz go 4 dinner lor. Aiya i dunno...,0,0,0.0016608703,0.99833906,train
You have WON a guaranteed å£1000 cash or a å£2000 prize. To claim yr prize call our customer service representative on 08714712394 between 10am-7pm,1,1,0.99828523,0.0017146994,train
It so happens that there r 2waxsto do wat you want. She can come and ill get her medical insurance. And she'll be able to deliver and have basic care. I'm currently shopping for the right medical insurance for her. So just give me til friday morning. Thats when i.ll see the major person that can guide me to the right insurance.,0,0,0.002202144,0.99779785,train
WHO ARE YOU SEEING?,0,0,0.0021964638,0.9978035,train
What not under standing.,0,0,0.0016286164,0.9983714,train
How about getting in touch with folks waiting for company? Just txt back your NAME and AGE to opt in! Enjoy the community (150p/SMS),1,1,0.9977344,0.002265611,train
"Yo, you at jp and hungry like a mofo?",0,0,0.001710366,0.99828964,train
Hi good mornin.. Thanku wish u d same..,0,0,0.0016237708,0.99837625,train
Please CALL 08712402578 immediately as there is an urgent message waiting for you,1,1,0.9981634,0.0018365801,train
4mths half price Orange line rental & latest camera phones 4 FREE. Had your phone 11mths+? Call MobilesDirect free on 08000938767 to update now! or2stoptxt T&Cs,1,1,0.99828374,0.0017162395,train
Give one miss from that number please,0,0,0.002110742,0.9978892,train
Ok.. ÌÏ finishing soon?,0,0,0.0015817333,0.9984182,train
"Aight, let me know when you're gonna be around usf",0,0,0.0016172666,0.9983827,train
"They can try! They can get lost, in fact. Tee hee",0,0,0.0017056324,0.9982944,train
Tell your friends what you plan to do on Valentines day @ &lt;URL&gt;,0,0,0.0016935171,0.9983065,train
"URGENT! Your Mobile No 07808726822 was awarded a å£2,000 Bonus Caller Prize on 02/09/03! This is our 2nd attempt to contact YOU! Call 0871-872-9758 BOX95QU",1,1,0.9982533,0.0017467146,train
U r too much close to my heart. If u go away i will be shattered. Plz stay with me.,0,0,0.0017117636,0.9982882,train
"Welcome to Select, an O2 service with added benefits. You can now call our specially trained advisors FREE from your mobile by dialling 402.",1,1,0.99779344,0.002206593,train
Good afternoon my boytoy. How goes that walking here and there day ? Did you get that police abstract? Are you still out and about? I wake and miss you babe,0,0,0.0022221645,0.9977779,train
Super msg da:)nalla timing.,0,0,0.0022022568,0.9977977,train
Tone Club: Your subs has now expired 2 re-sub reply MONOC 4 monos or POLYC 4 polys 1 weekly @ 150p per week Txt STOP 2 stop This msg free Stream 0871212025016,1,1,0.998278,0.0017220024,train
Thts wat Wright Brother did to fly..,0,0,0.0016684112,0.9983316,train
I am in hospital da. . I will return home in evening,0,0,0.001580864,0.99841917,train
"BangBabes Ur order is on the way. U SHOULD receive a Service Msg 2 download UR content. If U do not, GoTo wap. bangb. tv on UR mobile internet/service menu",1,1,0.99776626,0.0022337332,train
As in different styles?,0,0,0.0027434495,0.9972566,train
No need lar i go engin? Cos my sis at arts today...,0,0,0.0016168138,0.99838316,train
Jokin only lar... :-) depends on which phone my father can get lor...,0,0,0.0016081693,0.9983918,train
Great NEW Offer - DOUBLE Mins & DOUBLE Txt on best Orange tariffs AND get latest camera phones 4 FREE! Call MobileUpd8 free on 08000839402 NOW! or 2stoptxt T&Cs,1,1,0.99825794,0.001742028,train
A å£400 XMAS REWARD IS WAITING FOR YOU! Our computer has randomly picked you from our loyal mobile customers to receive a å£400 reward. Just call 09066380611,1,1,0.99825054,0.0017494555,train
here is my new address -apples&pairs&all that malarky,0,0,0.0019349018,0.99806505,train
Ringtone Club: Gr8 new polys direct to your mobile every week !,1,1,0.997849,0.002150989,train
Do you want 750 anytime any network mins 150 text and a NEW video phone for only five pounds per week call 08000776320 now or reply for delivery Tomorrow,1,1,0.99823415,0.0017658081,train
Yeah confirmed for you staying at  that weekend,0,0,0.001920227,0.9980798,train
Dunno lei... I thk mum lazy to go out... I neva ask her yet...,0,0,0.0017273336,0.99827266,train
ÌÏ still got lessons?  ÌÏ in sch?,0,0,0.0017343317,0.9982657,train
Guessin you ain't gonna be here before 9?,0,0,0.0019098832,0.9980901,train
Phony å£350 award - Todays Voda numbers ending XXXX are selected to receive a å£350 award. If you have a match please call 08712300220 quoting claim code 3100 standard rates app,1,1,0.9982509,0.0017490574,train
5p 4 alfie Moon's Children in need song on ur mob. Tell ur m8s. Txt Tone charity to 8007 for Nokias or Poly charity for polys: zed 08701417012 profit 2 charity.,1,1,0.998147,0.0018529658,train
You have registered Sinco as Payee. Log in at icicibank.com and enter URN  &lt;#&gt;  to confirm. Beware of frauds. Do NOT share or disclose URN to anyone.,0,0,0.003424282,0.99657565,train
"Congratulations! Thanks to a good friend U have WON the å£2,000 Xmas prize. 2 claim is easy, just call 08718726978 NOW! Only 10p per minute. BT-national-rate",1,1,0.9982986,0.0017014431,train
"UpgrdCentre Orange customer, you may now claim your FREE CAMERA PHONE upgrade for your loyalty. Call now on 0207 153 9153. Offer ends 26th July. T&C's apply. Opt-out available",1,1,0.9982451,0.0017549017,train
You have won a guaranteed å£200 award or even å£1000 cashto claim UR award call free on 08000407165 (18+) 2 stop getstop on 88222 PHP. RG21 4JX,1,1,0.99825054,0.0017494338,train
I cant pick the phone right now. Pls send a message,0,0,0.0018238635,0.9981761,train
"This is the 2nd attempt to contract U, you have won this weeks top prize of either å£1000 cash or å£200 prize. Just call 09066361921",1,1,0.99813324,0.0018668018,train
"I don't think I can get away for a trek that long with family in town, sorry",0,0,0.0019308893,0.9980691,train
You have an important customer service announcement. Call FREEPHONE 0800 542 0825 now!,1,1,0.99830616,0.0016938807,train
"500 New Mobiles from 2004, MUST GO! Txt: NOKIA to No: 89545 & collect yours today!From ONLY å£1 www.4-tc.biz 2optout 087187262701.50gbp/mtmsg18 TXTAUCTION",1,1,0.9982533,0.0017466929,train
No..few hours before.went to hair cut .,0,0,0.0016203037,0.9983797,train
"You are being contacted by our Dating Service by someone you know! To find out who it is, call from your mobile or landline 09064017305 PoBox75LDNS7 ",1,1,0.9982541,0.0017458949,train
Hi Dear Call me its urgnt. I don't know whats your problem. You don't want to work or if you have any other problem at least tell me. Wating for your reply.,0,0,0.0018708878,0.99812907,train
"Hello lover! How goes that new job? Are you there now? Are you happy? Do you think of me? I wake, my slave and send you a teasing kiss from across the sea",0,0,0.0071428097,0.9928572,train
<Forwarded from 21870000>Hi - this is your Mailbox Messaging SMS alert. You have 4 messages. You have 21 matches. Please call back on 09056242159 to retrieve your messages and matches,1,1,0.9982047,0.0017952876,train
Went fast asleep dear.take care.,0,0,0.0016422863,0.9983577,train
WINNER!! As a valued network customer you have been selected to receivea å£900 prize reward! To claim call 09061701461. Claim code KL341. Valid 12 hours only.,1,1,0.9982597,0.0017402478,train
Please CALL 08712402902 immediately as there is an urgent message waiting for you.,1,1,0.99814117,0.0018588383,train
Ringtone Club: Get the UK singles chart on your mobile each week and choose any top quality ringtone! This message is free of charge.,1,1,0.99777573,0.0022242416,train
Webpage s not available!,0,0,0.005326291,0.9946737,train
"Urgent! call 09066350750 from your landline. Your complimentary 4* Ibiza Holiday or 10,000 cash await collection SAE T&Cs PO BOX 434 SK3 8WP 150 ppm 18+",1,1,0.9982393,0.0017607101,train
"This is the 2nd time we have tried 2 contact u. U have won the 750 Pound prize. 2 claim is easy, call 08712101358 NOW! Only 10p per min. BT-national-rate",1,1,0.99829465,0.0017053977,train
"SIX chances to win CASH! From 100 to 20,000 pounds txt> CSH11 and send to 87575. Cost 150p/day, 6days, 16+ TsandCs apply Reply HL 4 info",1,1,0.9982481,0.0017519204,train
Free msg: Single? Find a partner in your area! 1000s of real people are waiting to chat now!Send CHAT to 62220Cncl send STOPCS 08717890890å£1.50 per msg,1,1,0.9981828,0.0018172746,train
"Will u meet ur dream partner soon? Is ur career off 2 a flyng start? 2 find out free, txt HORO followed by ur star sign, e. g. HORO ARIES",1,1,0.99763155,0.0023684034,train
ringtoneking 84484,1,1,0.997598,0.0024020383,train
"Science tells that chocolate will melt under the sunlight. Please don't walk under the sunlight. BCoz,I don't want to loss a sweet friend.",0,0,0.0021909205,0.9978091,train
"Sorry, I'll call later  &lt;#&gt; mins",0,0,0.0016710834,0.99832886,train
Money i have won wining number 946 wot do i do next,1,1,0.99594927,0.004050716,train
"I hav almost reached. Call, i m unable to connect u.",0,0,0.0015844889,0.99841547,train
"REMINDER FROM O2: To get 2.50 pounds free call credit and details of great offers pls reply 2 this text with your valid name, house no and postcode",1,1,0.997964,0.0020359813,train
Freemsg: 1-month unlimited free calls! Activate SmartCall Txt: CALL to No: 68866. Subscriptn3gbp/wk unlimited calls Help: 08448714184 Stop?txt stop landlineonly,1,1,0.99832743,0.0016725765,train
Theyre doing it to lots of places. Only hospitals and medical places are safe.,0,0,0.002238163,0.99776185,train
Huh means computational science... Y they like dat one push here n there...,0,0,0.0016716406,0.9983284,train
hows my favourite person today? r u workin hard? couldn't sleep again last nite nearly rang u at 4.30,0,0,0.0017837868,0.9982162,train
You know there is. I shall speak to you in  &lt;#&gt;  minutes then,0,0,0.0017133697,0.99828666,train
Sorry! U can not unsubscribe yet. THE MOB offer package has a min term of 54 weeks> pls resubmit request after expiry. Reply THEMOB HELP 4 more info,1,1,0.9971385,0.0028614902,train
I know complain num only..bettr directly go to bsnl offc nd apply for it..,0,0,0.001794165,0.9982058,train
I'm so in love with you. I'm excited each day i spend with you. You make me so happy.,0,0,0.0059198225,0.9940801,train
What is this 'hex' place you talk of? Explain!,0,0,0.0018610124,0.998139,train
Sunshine Quiz Wkly Q! Win a top Sony DVD player if u know which country the Algarve is in? Txt ansr to 82277. å£1.50 SP:Tyrone,1,1,0.9980178,0.0019822142,train
"Ah, well that confuses things, doesnt it? I thought was friends with now. Maybe i did the wrong thing but i already sort of invited -tho he may not come cos of money.",0,0,0.0018023187,0.99819773,train
Whats the staff name who is taking class for us?,0,0,0.0027114244,0.9972886,train
Save money on wedding lingerie at www.bridal.petticoatdreams.co.uk Choose from a superb selection with national delivery. Brought to you by WeddingFriend,1,1,0.99651957,0.0034803962,train
Hi 07734396839 IBH Customer Loyalty Offer: The NEW NOKIA6600 Mobile from ONLY å£10 at TXTAUCTION!Txt word:START to No:81151 & get Yours Now!4T&,1,1,0.99823064,0.0017693688,train
"Yeah, I'll leave in a couple minutes &amp; let you know when I get to mu",0,0,0.0017178482,0.9982822,train
Congratulations ur awarded either å£500 of CD gift vouchers & Free entry 2 our å£100 weekly draw txt MUSIC to 87066 TnCs www.Ldew.com 1 win150ppmx3age16,1,1,0.9982437,0.0017563459,train
"Xmas Offer! Latest Motorola, SonyEricsson & Nokia & FREE Bluetooth or DVD! Double Mins & 1000 Txt on Orange. Call MobileUpd8 on 08000839402 or call2optout/4QF2",1,1,0.9982223,0.0017777297,train
I dont know oh. Hopefully this month.,0,0,0.0015848706,0.9984151,train
"Rose needs water, season needs change, poet needs imagination..My phone needs ur sms and i need ur lovely frndship forever....",0,0,0.001639472,0.9983606,train
tells u 2 call 09066358152 to claim å£5000 prize. U have 2 enter all ur mobile & personal details @ the prompts. Careful!,1,1,0.9982811,0.0017188821,train
Had your mobile 11mths ? Update for FREE to Oranges latest colour camera mobiles & unlimited weekend calls. Call Mobile Upd8 on freefone 08000839402 or 2StopTxt,1,1,0.9982791,0.0017209608,train
December only! Had your mobile 11mths+? You are entitled to update to the latest colour camera mobile for Free! Call The Mobile Update VCo FREE on 08002986906 ,1,1,0.9982723,0.0017277235,train
MAYBE IF YOU WOKE UP BEFORE FUCKING 3 THIS WOULDN'T BE A PROBLEM.,0,0,0.0026297385,0.99737024,train
Please dont say like that. Hi hi hi,0,0,0.0016066541,0.99839336,train
LORD OF THE RINGS:RETURN OF THE KING in store NOW!REPLY LOTR by 2 June 4 Chance 2 WIN LOTR soundtrack CDs StdTxtRate. Reply STOP to end txts,1,1,0.99808216,0.0019178953,train
Now thats going to ruin your thesis!,0,0,0.0018097492,0.9981902,train
We tried to contact you re your reply to our offer of 750 mins 150 textand a new video phone call 08002988890 now or reply for free delivery tomorrow,1,1,0.99829537,0.0017046721,train
Can you please send me my aunty's number,0,0,0.0021663257,0.99783367,train
"YOU 07801543489 are guaranteed the latests Nokia Phone, a 40GB iPod MP3 player or a å£500 prize! Txt word:COLLECT to No:83355! TC-LLC NY-USA 150p/Mt msgrcvd18+",1,1,0.9982128,0.0017871605,train
"Idk. You keep saying that you're not, but since he moved, we keep butting heads over freedom vs. responsibility. And i'm tired. I have so much other shit to deal with that i'm barely keeping myself together once this gets added to it.",0,0,0.0023508875,0.99764913,train
Do you want a New Nokia 3510i Colour Phone Delivered Tomorrow? With 200 FREE minutes to any mobile + 100 FREE text + FREE camcorder Reply or Call 8000930705,1,1,0.9981433,0.0018567047,train
Wif my family booking tour package.,0,0,0.0019451373,0.99805486,train
Call FREEPHONE 0800 542 0578 now!,1,1,0.99818975,0.0018102282,train
Wanna do some art?! :D,0,0,0.0016354697,0.9983645,train
We tried to contact you re your reply to our offer of a Video Handset? 750 anytime any networks mins? UNLIMITED TEXT? Camcorder? Reply or call 08000930705 NOW,1,1,0.99827754,0.0017224893,train
UR awarded a City Break and could WIN a å£200 Summer Shopping spree every WK. Txt STORE to 88039 . SkilGme. TsCs087147403231Winawk!Age16 å£1.50perWKsub,1,1,0.99818146,0.0018185829,train
If we win its really no 1 side for long time.,0,0,0.0018173185,0.99818265,train
Rofl betta invest in some  anti aging products,0,0,0.0020102274,0.9979898,train
PRIVATE! Your 2003 Account Statement for shows 800 un-redeemed S. I. M. points. Call 08715203652 Identifier Code: 42810 Expires 29/10/0,1,1,0.9982222,0.0017777685,train
"Hurry up, I've been weed-deficient for like three days",0,0,0.0019227427,0.9980773,train
"URGENT! Your mobile number *************** WON a å£2000 Bonus Caller prize on 10/06/03! This is the 2nd attempt to reach you! Call 09066368753 ASAP! Box 97N7QP, 150ppm",1,1,0.9982838,0.0017161997,train
"So anyways, you can just go to your gym or whatever, my love *smiles* I hope your ok and having a good day babe ... I miss you so much already",0,0,0.0020693196,0.99793065,train
"Dizzamn, aight I'll ask my suitemates when I get back",0,0,0.0016201478,0.9983798,train
YES! The only place in town to meet exciting adult singles is now in the UK. Txt CHAT to 86688 now! 150p/Msg.,1,1,0.99814856,0.0018514398,train
That's ok. I popped in to ask bout something and she said you'd been in. Are you around tonght wen this girl comes?,0,0,0.0019001494,0.99809986,train
Your credits have been topped up for http://www.bubbletext.com Your renewal Pin is tgxxrz,1,1,0.9973291,0.00267094,train
Summers finally here! Fancy a chat or flirt with sexy singles in yr area? To get MATCHED up just reply SUMMER now. Free 2 Join. OptOut txt STOP Help08714742804,1,1,0.99818856,0.0018113899,train
I'm going out to buy mum's present ar.,0,0,0.0017255635,0.99827445,train
"Claim a 200 shopping spree, just call 08717895698 now! Have you won! MobStoreQuiz10ppm",1,1,0.9982767,0.0017233078,train
"Want to funk up ur fone with a weekly new tone reply TONES2U 2 this text. www.ringtones.co.uk, the original n best. Tones 3GBP network operator rates apply",1,1,0.99805886,0.0019411091,train
Hey sexy buns! What of that day? No word from you this morning on YM ... :-( ... I think of you,0,0,0.0017328992,0.99826705,train
Sad story of a Man - Last week was my b'day. My Wife did'nt wish me. My Parents forgot n so did my Kids . I went to work. Even my Colleagues did not wish.,0,0,0.0017951415,0.9982048,train
dating:i have had two of these. Only started after i sent a text to talk sport radio last week. Any connection do you think or coincidence?,1,1,0.98922426,0.01077574,train
URGENT! We are trying to contact U. Todays draw shows that you have won a å£2000 prize GUARANTEED. Call 09066358361 from land line. Claim Y87. Valid 12hrs only,1,1,0.99821824,0.001781694,train
"This is the 2nd time we have tried 2 contact u. U have won the 750 Pound prize. 2 claim is easy, call 08718726970 NOW! Only 10p per min. BT-national-rate ",1,1,0.9982956,0.0017043921,train
Someone has contacted our dating service and entered your phone because they fancy you! To find out who it is call from a landline 09111032124 . PoBox12n146tf150p,1,1,0.9982146,0.0017854109,train
Want explicit SEX in 30 secs? Ring 02073162414 now! Costs 20p/min Gsex POBOX 2667 WC1N 3XX,1,1,0.99819165,0.0018083388,train
Why are u up so early?,0,0,0.0018460003,0.998154,train
This message is free. Welcome to the new & improved Sex & Dogging club! To unsubscribe from this service reply STOP. msgs@150p 18 only,1,1,0.9981365,0.0018634284,train
We tried to contact you re your reply to our offer of a Video Handset? 750 anytime networks mins? UNLIMITED TEXT? Camcorder? Reply or call 08000930705 NOW,1,1,0.99827135,0.0017286332,train
Purity of friendship between two is not about smiling after reading the forwarded message..Its about smiling just by seeing the name. Gud evng musthu,0,0,0.002109792,0.9978902,train
2p per min to call Germany 08448350055 from your BT line. Just 2p per min. Check PlanetTalkInstant.com for info & T's & C's. Text stop to opt out,1,1,0.99829465,0.0017053806,train
"Sad story of a Man - Last week was my b'day. My Wife did'nt wish me. My Parents forgot n so did my Kids . I went to work. Even my Colleagues did not wish. As I entered my cabin my PA said, '' Happy B'day Boss !!''. I felt special. She askd me 4 lunch. After lunch she invited me to her apartment. We went there. She said,'' do u mind if I go into the bedroom for a minute ? '' ''OK'', I sed in a sexy mood. She came out 5 minuts latr wid a cake...n My Wife, My Parents, My Kidz, My Friends n My Colleagues. All screaming.. SURPRISE !! and I was waiting on the sofa.. ... ..... ' NAKED...!",0,0,0.0018803146,0.99811965,train
The current leading bid is 151. To pause this auction send OUT. Customer Care: 08718726270,1,1,0.99804014,0.0019598904,train
Is ur paper today in e morn or aft?,0,0,0.0018313532,0.9981686,train
WIN URGENT! Your mobile number has been awarded with a å£2000 prize GUARANTEED call 09061790121 from land line. claim 3030 valid 12hrs only 150ppm ,1,1,0.9982261,0.0017739412,train
Get a FREE mobile video player FREE movie. To collect text GO to 89105. Its free! Extra films can be ordered t's and c's apply. 18 yrs only,1,1,0.9980192,0.001980776,train
Yup n her fren lor. I'm meeting my fren at 730.,0,0,0.0016257254,0.9983742,train
"Eerie Nokia tones 4u, rply TONE TITLE to 8007 eg TONE DRACULA to 8007 Titles: GHOST, ADDAMSFA, MUNSTERS, EXORCIST, TWILIGHT www.getzed.co.uk POBox36504W45WQ 150p ",1,1,0.9981658,0.001834204,train
Ok i also wan 2 watch e 9 pm show...,0,0,0.0016339491,0.99836606,train
"Wow. I never realized that you were so embarassed by your accomodations. I thought you liked it, since i was doing the best i could and you always seemed so happy about \the cave\"". I'm sorry I didn't and don't have more to give. I'm sorry i offered. I'm sorry your room was so embarassing.""",0,0,0.0026264912,0.99737346,train
Dont gimme that lip caveboy,0,0,0.0017912793,0.99820876,train
How would my ip address test that considering my computer isn't a minecraft server,0,0,0.017972361,0.98202765,train
Is that seriously how you spell his name?,0,0,0.00256433,0.99743575,train
I'm at home n ready...,0,0,0.0016945978,0.99830544,train
"Urgent! Please call 0906346330. Your ABTA complimentary 4* Spanish Holiday or å£10,000 cash await collection SAE T&Cs BOX 47 PO19 2EZ 150ppm 18+",1,1,0.99815935,0.001840695,train
Santa calling! Would your little ones like a call from Santa Xmas Eve? Call 09077818151 to book you time. Calls1.50ppm last 3mins 30s T&C www.santacalling.com,1,1,0.9983576,0.0016423723,train
"URGENT. Important information for 02 user. Today is your lucky day! 2 find out why , log onto http://www.urawinner.com there is a fantastic surprise awaiting you !",1,1,0.9955509,0.004449114,train
Then wat r u doing now? Busy wif work?,0,0,0.0016175923,0.99838245,train
Two teams waiting for some players,0,0,0.005886697,0.99411327,train
Double eviction this week - Spiral and Michael and good riddance to them!,0,0,0.004130401,0.9958696,train
Don no da:)whats you plan?,0,0,0.0015430909,0.99845695,train
I absolutely LOVE South Park! I only recently started watching the office.,0,0,0.003043743,0.9969562,train
Hey I am really horny want to chat or see me naked text hot to 69698 text charged at 150pm to unsubscribe text stop 69698,1,1,0.99819463,0.0018053786,train
You know what hook up means right?,0,0,0.002858938,0.9971411,train
Do you want a new Video phone? 600 anytime any network mins 400 Inclusive Video calls AND downloads 5 per week Free delTOMORROW call 08002888812 or reply NOW,1,1,0.9982681,0.0017318667,train
88800 and 89034 are premium phone services call 08718711108,1,1,0.9980526,0.0019474549,train
No 1 POLYPHONIC tone 4 ur mob every week! Just txt PT2 to 87575. 1st Tone FREE ! so get txtin now and tell ur friends. 150p/tone. 16 reply HL 4info,1,1,0.99823284,0.0017670996,train
Unless it's a situation where YOU GO GURL would be more appropriate,0,0,0.0022508693,0.99774915,train
Nice.nice.how is it working?,0,0,0.0017365639,0.9982634,train
"Urgent! Please call 09066612661 from your landline, your complimentary 4* Lux Costa Del Sol holiday or å£1000 CASH await collection. ppm 150 SAE T&Cs James 28, EH74RR",1,1,0.9981522,0.0018478121,train
"Gr8 Poly tones 4 ALL mobs direct 2u rply with POLY TITLE to 8007 eg POLY BREATHE1 Titles: CRAZYIN, SLEEPINGWITH, FINEST, YMCA :getzed.co.uk POBox365O4W45WQ 300p",1,1,0.9981767,0.0018233133,train
Hi. Customer Loyalty Offer:The NEW Nokia6650 Mobile from ONLY å£10 at TXTAUCTION! Txt word: START to No: 81151 & get yours Now! 4T&Ctxt TC 150p/MTmsg,1,1,0.99818426,0.0018157624,train
"As a valued customer, I am pleased to advise you that following recent review of your Mob No. you are awarded with a å£1500 Bonus Prize, call 09066364589",1,1,0.99791306,0.0020869062,train
"Kind of. Just missed train cos of asthma attack, nxt one in half hr so driving in. not sure where to park.",0,0,0.0018435393,0.9981565,train
Oh wow thats gay. Will firmware update help,0,0,0.0023117475,0.9976883,train
Congratulations ur awarded 500 of CD vouchers or 125gift guaranteed & Free entry 2 100 wkly draw txt MUSIC to 87066 TnCs www.Ldew.com1win150ppmx3age16,1,1,0.99826413,0.0017359077,train
Block Breaker now comes in deluxe format with new features and great graphics from T-Mobile. Buy for just å£5 by replying GET BBDELUXE and take the challenge,1,1,0.99794465,0.0020553442,train
**FREE MESSAGE**Thanks for using the Auction Subscription Service. 18 . 150p/MSGRCVD 2 Skip an Auction txt OUT. 2 Unsubscribe txt STOP CustomerCare 08718726270,1,1,0.9983255,0.0016744438,train
Ok then i'll let him noe later n ask him call u tmr...,0,0,0.0015721838,0.99842787,train
"The house is on the water with a dock, a boat rolled up with a newscaster who dabbles in jazz flute behind the wheel",0,0,0.0145522,0.9854478,train
Most of the tiime when i don't let you hug me it's so i don't break into tears.,0,0,0.0022916791,0.9977083,train
Have you been practising your curtsey?,0,0,0.0030619465,0.9969381,train
Anything lor... U decide...,0,0,0.0016690294,0.998331,train
LOOK AT THE FUCKIN TIME. WHAT THE FUCK YOU THINK IS UP,0,0,0.0027203902,0.9972796,train
Merry christmas to u too annie!,0,0,0.0017744192,0.9982256,train
"Forgot it takes me 3 years to shower, sorry. Where you at/your phone dead yet?",0,0,0.0022244533,0.9977755,train
IM GONNAMISSU SO MUCH!!I WOULD SAY IL SEND U A POSTCARD BUTTHERES ABOUTAS MUCH CHANCE OF MEREMEMBERIN ASTHERE IS OFSI NOT BREAKIN HIS CONTRACT!! LUV Yaxx,0,0,0.0018470382,0.9981529,train
"URGENT! Your mobile No *********** WON a å£2,000 Bonus Caller Prize on 02/06/03! This is the 2nd attempt to reach YOU! Call 09066362220 ASAP! BOX97N7QP, 150ppm",1,1,0.9982973,0.0017027524,train
Had your mobile 11mths ? Update for FREE to Oranges latest colour camera mobiles & unlimited weekend calls. Call Mobile Upd8 on freefone 08000839402 or 2StopTx,1,1,0.9982711,0.0017289345,train
"URGENT! You have won a 1 week FREE membership in our å£100,000 Prize Jackpot! Txt the word: CLAIM to No: 81010 T&C www.dbuk.net LCCLTD POBOX 4403LDNW1A7RW18",1,1,0.99829835,0.0017016521,train
You have WON a guaranteed å£1000 cash or a å£2000 prize. To claim yr prize call our customer service representative on 08714712412 between 10am-7pm Cost 10p,1,1,0.9982827,0.0017173167,train
Santa Calling! Would your little ones like a call from Santa Xmas eve? Call 09058094583 to book your time.,1,1,0.9982267,0.0017732674,train
We tried to call you re your reply to our sms for a video mobile 750 mins UNLIMITED TEXT free camcorder Reply or call now 08000930705 Del Thurs,1,1,0.9982887,0.0017112812,train
You are a winner you have been specially selected to receive å£1000 cash or a å£2000 award. Speak to a live operator to claim call 087147123779am-7pm. Cost 10p,1,1,0.9982822,0.0017177868,train
"pdate_Now - Double mins and 1000 txts on Orange tariffs. Latest Motorola, SonyEricsson & Nokia & Bluetooth FREE! Call MobileUpd8 on 08000839402 or call2optout/!YHL",1,1,0.9982962,0.0017038456,train
Why de. You looking good only:-)..,0,0,0.0017278912,0.99827206,train
The fact that you're cleaning shows you know why i'm upset. Your priority is constantly \what i want to do,0,0,0.002901285,0.9970987,train
Which channel:-):-):):-).,0,0,0.003105911,0.9968941,train
Dis is yijue. I jus saw ur mail. In case huiming havent sent u my num. Dis is my num.,0,0,0.0017346967,0.9982653,train
You have 1 new message. Please call 08718738034.,1,1,0.9981609,0.001839159,train
"Aight, I'll ask a few of my roommates",0,0,0.0016984046,0.9983016,train
Bored housewives! Chat n date now! 0871750.77.11! BT-national rate 10p/min only from landlines!,1,1,0.9982389,0.001761068,train
I'm at work. Please call,0,0,0.0017351683,0.99826485,train
"There'll be a minor shindig at my place later tonight, you interested?",0,0,0.0028869829,0.997113,train
"Orange brings you ringtones from all time Chart Heroes, with a free hit each week! Go to Ringtones & Pics on wap. To stop receiving these tips reply STOP.",1,1,0.9977093,0.0022906794,train
"URGENT! Your Mobile No. was awarded å£2000 Bonus Caller Prize on 5/9/03 This is our final try to contact U! Call from Landline 09064019788 BOX42WR29C, 150PPM",1,1,0.9981832,0.0018167244,train
Todays Vodafone numbers ending with 4882 are selected to a receive a å£350 award. If your number matches call 09064019014 to receive your å£350 award.,1,1,0.9982741,0.0017258929,train
18 days to Euro2004 kickoff! U will be kept informed of all the latest news and results daily. Unsubscribe send GET EURO STOP to 83222.,1,1,0.99821585,0.0017841291,train
I dont want to hear philosophy. Just say what happen,0,0,0.001595597,0.99840444,train
"This is the 2nd time we have tried 2 contact u. U have won the å£750 Pound prize. 2 claim is easy, call 087187272008 NOW1! Only 10p per minute. BT-national-rate.",1,1,0.99826825,0.0017316705,train
"Den only weekdays got special price... Haiz... Cant eat liao... Cut nails oso muz wait until i finish drivin wat, lunch still muz eat wat... ",0,0,0.0017542304,0.99824584,train
Do you want a new video handset? 750 anytime any network mins? Half Price Line Rental? Camcorder? Reply or call 08000930705 for delivery tomorrow,1,1,0.9982033,0.0017967384,train
"09066362231 URGENT! Your mobile No 07xxxxxxxxx won a å£2,000 bonus caller prize on 02/06/03! this is the 2nd attempt to reach YOU! call 09066362231 ASAP!",1,1,0.9982961,0.001703972,train
Hi if ur lookin 4 saucy daytime fun wiv busty married woman Am free all next week Chat now 2 sort time 09099726429 JANINExx Callså£1/minMobsmoreLKPOBOX177HP51FL,1,1,0.9981906,0.001809434,train
cThen i thk shd b enuff.. Still got conclusion n contents pg n references.. I'll b doing da contents pg n cover pg..,0,0,0.0018389156,0.99816114,train
No da if you run that it activate the full version da.,0,0,0.0016652778,0.9983347,train
Do you want 750 anytime any network mins 150 text and a NEW VIDEO phone for only five pounds per week call 08002888812 or reply for delivery tomorrow,1,1,0.99822885,0.0017712075,train
You have WON a guaranteed å£1000 cash or a å£2000 prize. To claim yr prize call our customer service representative on 08714712379 between 10am-7pm Cost 10p,1,1,0.99827504,0.0017249278,train
You are now unsubscribed all services. Get tons of sexy babes or hunks straight to your phone! go to http://gotbabes.co.uk. No subscriptions.,1,1,0.9975303,0.0024697774,train
U are subscribed to the best Mobile Content Service in the UK for å£3 per ten days until you send STOP to 83435. Helpline 08706091795.,1,1,0.9981432,0.0018567708,train
Hey loverboy! I love you !! I had to tell ... I look at your picture and ache to feel you between my legs ... Fuck I want you ... I need you ... I crave you .,0,0,0.0019994227,0.99800056,train
No one interested. May be some business plan.,0,0,0.0017013968,0.9982986,train
What is the plural of the noun research?,0,0,0.014684985,0.98531497,train
She told to hr that he want posting in chennai:)because i'm working here:),0,0,0.002028461,0.9979715,train
"How about clothes, jewelry, and trips?",0,0,0.0046343114,0.99536574,train
IM REALY SOZ IMAT MY MUMS 2NITE WHAT ABOUT 2MORO ,0,0,0.0017134413,0.99828655,train
"God picked up a flower and dippeditinaDEW, lovingly touched itwhichturnedinto u, and the he gifted tomeandsaid,THIS FRIEND IS 4U",0,0,0.0020193693,0.99798065,train
"Sorry, I'll call later in meeting any thing related to trade please call Arul. &lt;#&gt; ",0,0,0.0017914805,0.9982085,train
Mm not entirely sure i understood that text but hey. Ho. Which weekend?,0,0,0.0017235785,0.9982765,train
1000's of girls many local 2 u who r virgins 2 this & r ready 2 4fil ur every sexual need. Can u 4fil theirs? text CUTE to 69911(å£1.50p. m),1,1,0.99818987,0.0018101395,train
I've sent my wife your text. After we buy them she'll tell you what to do. So just relax. We should go get them this wkend.,0,0,0.002517623,0.99748236,train
Howz pain.it will come down today.do as i said ystrday.ice and medicine.,0,0,0.0015921475,0.9984079,train
What * u wearing?,0,0,0.0019030592,0.998097,train
Valentines Day Special! Win over å£1000 in our quiz and take your partner on the trip of a lifetime! Send GO to 83600 now. 150p/msg rcvd. CustCare:08718720201,1,1,0.9982297,0.0017703334,train
"Say this slowly.? GOD,I LOVE YOU &amp; I NEED YOU,CLEAN MY HEART WITH YOUR BLOOD.Send this to Ten special people &amp; u c miracle tomorrow, do it,pls,pls do it...",0,0,0.0017312486,0.9982687,train
alright tyler's got a minor crisis and has to be home sooner than he thought so be here asap,0,0,0.0020628704,0.9979372,train
"Welcome to UK-mobile-date this msg is FREE giving you free calling to 08719839835. Future mgs billed at 150p daily. To cancel send \go stop\"" to 89123""",1,1,0.998319,0.001681029,train
Dear Dave this is your final notice to collect your 4* Tenerife Holiday or #5000 CASH award! Call 09061743806 from landline. TCs SAE Box326 CW25WX 150ppm,1,1,0.99826413,0.001735945,train
"Just got some gas money, any chance you and the gang want to go on a grand nature adventure?",0,0,0.010168117,0.9898318,train
"FreeMsg: Claim ur 250 SMS messages-Text OK to 84025 now!Use web2mobile 2 ur mates etc. Join Txt250.com for 1.50p/wk. T&C BOX139, LA32WU. 16 . Remove txtX or stop",1,1,0.9982843,0.0017156728,train
"URGENT!! Your 4* Costa Del Sol Holiday or å£5000 await collection. Call 09050090044 Now toClaim. SAE, TC s, POBox334, Stockport, SK38xh, Costå£1.50/pm, Max10mins",1,1,0.9983107,0.0016893197,train
U have a Secret Admirer who is looking 2 make contact with U-find out who they R*reveal who thinks UR so special-call on 09065171142-stopsms-08718727870150ppm,1,1,0.9981261,0.0018739501,train
it to 80488. Your 500 free text messages are valid until 31 December 2005.,1,1,0.997863,0.0021369928,train
"our mobile number has won å£5000, to claim calls us back or ring the claims hot line on 09050005321.",1,1,0.998211,0.001788965,train
"Sunshine Hols. To claim ur med holiday send a stamped self address envelope to Drinks on Us UK, PO Box 113, Bray, Wicklow, Eire. Quiz Starts Saturday! Unsub Stop",1,1,0.9978668,0.0021331953,train
Collect your VALENTINE'S weekend to PARIS inc Flight & Hotel + å£200 Prize guaranteed! Text: PARIS to No: 69101. www.rtf.sphosting.com,1,1,0.9981025,0.0018975413,train
You see the requirements please,0,0,0.003500495,0.99649954,train
"Uh, heads up we don't have THAT much left",0,0,0.0018514292,0.99814856,train
Y dun cut too short leh. U dun like ah? She failed. She's quite sad.,0,0,0.0016836949,0.9983163,train
S but mostly not like that.,0,0,0.0018636732,0.9981363,train
I'm in a movie. Call me 4 wat?,0,0,0.0018849811,0.99811506,train
"SMS. ac JSco: Energy is high, but u may not know where 2channel it. 2day ur leadership skills r strong. Psychic? Reply ANS w/question. End? Reply END JSCO",1,1,0.9949338,0.005066239,train
"Auction round 4. The highest bid is now å£54. Next maximum bid is å£71. To bid, send BIDS e. g. 10 (to bid å£10) to 83383. Good luck.",1,1,0.9980009,0.001999061,train
Jamster! To get your free wallpaper text HEART to 88888 now! T&C apply. 16 only. Need Help? Call 08701213186.,1,1,0.9982868,0.0017132049,train
Pls she needs to dat slowly or she will vomit more.,0,0,0.0018922096,0.9981078,train
4mths half price Orange line rental & latest camera phones 4 FREE. Had your phone 11mths ? Call MobilesDirect free on 08000938767 to update now! or2stoptxt,1,1,0.9982785,0.0017215483,train
K..k...from tomorrow onwards started ah?,0,0,0.0017687002,0.99823135,train
Bloomberg -Message center +447797706009 Why wait? Apply for your future http://careers. bloomberg.com,1,1,0.9981153,0.001884721,train
"Well, I have to leave for my class babe ... You never came back to me ... :-( ... Hope you have a nice sleep, my love",0,0,0.0017877852,0.9982122,train
Lol you won't feel bad when I use her money to take you out to a steak dinner =D,0,0,0.001997573,0.99800247,train
"Do you realize that in about 40 years, we'll have thousands of old ladies running around with tattoos?",1,1,0.89881396,0.10118602,train
We are pleased to inform that your application for Airtel Broadband is processed successfully. Your installation will happen within 3 days.,0,0,0.1488836,0.85111636,train
"Sorry, I can't help you on this.",0,0,0.0019390796,0.9980609,train
More people are dogging in your area now. Call 09090204448 and join like minded guys. Why not arrange 1 yourself. There's 1 this evening. Aå£1.50 minAPN LS278BB,1,1,0.99817884,0.0018211319,train
"In The Simpsons Movie released in July 2007 name the band that died at the start of the film? A-Green Day, B-Blue Day, C-Red Day. (Send A, B or C)",1,1,0.99486995,0.005130114,train
"Had your mobile 10 mths? Update to the latest Camera/Video phones for FREE. KEEP UR SAME NUMBER, Get extra free mins/texts. Text YES for a call",1,1,0.99793905,0.0020609745,train
ÌÏ ready then call me...,0,0,0.0016847716,0.9983152,train
Happy birthday... May all ur dreams come true...,0,0,0.0018683698,0.9981317,train
"The sign of maturity is not when we start saying big things.. But actually it is, when we start understanding small things... *HAVE A NICE EVENING* BSLVYL",0,0,0.0018878245,0.9981122,train
"Ur balance is now å£600. Next question: Complete the landmark, Big, A. Bob, B. Barry or C. Ben ?. Text A, B or C to 83738. Good luck!",1,1,0.9980945,0.0019054444,train
What happen dear tell me,0,0,0.0017558577,0.99824417,train
Camera - You are awarded a SiPix Digital Camera! call 09061221066 fromm landline. Delivery within 28 days.,1,1,0.9982591,0.0017408435,train
"all the lastest from Stereophonics, Marley, Dizzee Racal, Libertines and The Strokes! Win Nookii games with Flirt!! Click TheMob WAP Bookmark or text WAP to 82468",1,1,0.9982058,0.0017941796,train
"naughty little thought: 'its better to flirt, flirt n flirt, rather than loving someone n gettin hurt, hurt n hurt...:-) Gud nyt",0,0,0.0018004768,0.99819946,train
PRIVATE! Your 2003 Account Statement for 07808 XXXXXX shows 800 un-redeemed S. I. M. points. Call 08719899217 Identifier Code: 41685 Expires 07/11/04,1,1,0.99826616,0.0017339018,train
2/2 146tf150p,1,1,0.997538,0.0024619903,train
Camera - You are awarded a SiPix Digital Camera! call 09061221066 fromm landline. Delivery within 28 days,1,1,0.9982596,0.0017404103,train
HEY GIRL. HOW R U? HOPE U R WELL ME AN DEL R BAK! AGAIN LONG TIME NO C! GIVE ME A CALL SUM TIME FROM LUCYxx,0,0,0.0017780988,0.99822193,train
CLAIRE here am havin borin time & am now alone U wanna cum over 2nite? Chat now 09099725823 hope 2 C U Luv CLAIRE xx Callså£1/minmoremobsEMSPOBox45PO139WA,1,1,0.998156,0.0018440254,train
"Free-message: Jamster!Get the crazy frog sound now! For poly text MAD1, for real text MAD2 to 88888. 6 crazy sounds for just 3 GBP/week! 16+only! T&C's apply",1,1,0.99810874,0.0018912363,train
Hello. We need some posh birds and chaps to user trial prods for champneys. Can i put you down? I need your address and dob asap. Ta r,1,1,0.996234,0.0037659823,train
A guy who gets used but is too dumb to realize it.,0,0,0.010004886,0.9899951,train
URGENT! We are trying to contact U. Todays draw shows that you have won a å£800 prize GUARANTEED. Call 09050001295 from land line. Claim A21. Valid 12hrs only,1,1,0.9982362,0.001763861,train
"Hey, can you tell me blake's address? Carlos wanted me to meet him there but I got lost and he's not answering his phone",0,0,0.0037340235,0.99626595,train
"3 FREE TAROT TEXTS! Find out about your love life now! TRY 3 FOR FREE! Text CHANCE to 85555 16 only! After 3 Free, Msgs å£1.50 each",1,1,0.99800724,0.0019927695,train
"Urgent Urgent! We have 800 FREE flights to Europe to give away, call B4 10th Sept & take a friend 4 FREE. Call now to claim on 09050000555. BA128NNFWFLY150ppm",1,1,0.99825627,0.001743723,train
Ya very nice. . .be ready on thursday,0,0,0.001697446,0.9983026,train
"Orange customer, you may now claim your FREE CAMERA PHONE upgrade for your loyalty. Call now on 0207 153 9996. Offer ends 14thMarch. T&C's apply. Opt-out availa",1,1,0.99825746,0.0017425715,train
"WIN: We have a winner! Mr. T. Foley won an iPod! More exciting prizes soon, so keep an eye on ur mobile or visit www.win-82050.co.uk",1,1,0.99790996,0.002089994,train
"Vikky, come around  &lt;TIME&gt; ..",0,0,0.0016690784,0.9983309,train
"\For the most sparkling shopping breaks from 45 per person; call 0121 2025050 or visit www.shortbreaks.org.uk\""""",1,1,0.9979488,0.0020511614,train
Please call Amanda with regard to renewing or upgrading your current T-Mobile handset free of charge. Offer ends today. Tel 0845 021 3680 subject to T's and C's,1,1,0.99815255,0.0018473748,train
"Beautiful Truth against Gravity.. Read carefully: \Our heart feels light when someone is in it.. But it feels very heavy when someone leaves it..\"" GOODMORNING""",0,0,0.002058614,0.9979413,train
Okay lor... Will they still let us go a not ah? Coz they will not know until later. We drop our cards into the box right?,0,0,0.0015968159,0.99840325,train
Congratulations U can claim 2 VIP row A Tickets 2 C Blu in concert in November or Blu gift guaranteed Call 09061104276 to claim TS&Cs www.smsco.net costå£3.75max ,1,1,0.9981773,0.0018227319,train
Join the UK's horniest Dogging service and u can have sex 2nite!. Just sign up and follow the instructions. Txt ENTRY to 69888 now! Nyt.EC2A.3LP.msg@150p,1,1,0.9982602,0.0017398138,train
Nite...,0,0,0.0017835329,0.99821645,train
Thank you. I like you as well...,0,0,0.0016963191,0.99830365,train
3. You have received your mobile content. Enjoy,1,1,0.9952513,0.004748728,train
"449050000301 You have won a å£2,000 price! To claim, call 09050000301.",1,1,0.99824035,0.0017596923,train
Hi Chachi tried calling u now unable to reach u .. Pl give me a missed cal once u c tiz msg  Kanagu,0,0,0.0017086789,0.9982913,train
They have a thread on the wishlist section of the forums where ppl post nitro requests. Start from the last page and collect from the bottom up.,0,0,0.31141546,0.6885845,train
Let me know when you've got the money so carlos can make the call,0,0,0.0034046748,0.9965953,train
make that 3! 4 fucks sake?! x,0,0,0.0020610087,0.99793893,train
SMS AUCTION - A BRAND NEW Nokia 7250 is up 4 auction today! Auction is FREE 2 join & take part! Txt NOKIA to 86021 now! HG/Suite342/2Lands Row/W1J6HL,1,1,0.9982102,0.0017897604,train
URGENT We are trying to contact you Last weekends draw shows u have won a å£1000 prize GUARANTEED Call 09064017295 Claim code K52 Valid 12hrs 150p pm,1,1,0.9981725,0.001827435,train
Yup. Thk of u oso boring wat.,0,0,0.001641218,0.9983588,train
My uncles in Atlanta. Wish you guys a great semester.,0,0,0.0019074389,0.9980926,train
Wanna get laid 2nite? Want real Dogging locations sent direct to ur mobile? Join the UK's largest Dogging Network. Txt PARK to 69696 now! Nyt. ec2a. 3lp å£1.50/msg,1,1,0.99817,0.0018299774,train
"44 7732584351, Do you want a New Nokia 3510i colour phone DeliveredTomorrow? With 300 free minutes to any mobile + 100 free texts + Free Camcorder reply or call 08000930705.",1,1,0.99823064,0.0017694363,train
That means from february to april i'll be getting a place to stay down there so i don't have to hustle back and forth during audition season as i have since my sister moved away from harlem.,0,0,0.008553518,0.9914465,train
"Urgent! call 09066612661 from landline. Your complementary 4* Tenerife Holiday or å£10,000 cash await collection SAE T&Cs PO Box 3 WA14 2PX 150ppm 18+ Sender: Hol Offer",1,1,0.99829775,0.001702288,train
"Fantasy Football is back on your TV. Go to Sky Gamestar on Sky Active and play å£250k Dream Team. Scoring starts on Saturday, so register now!SKY OPT OUT to 88088",1,1,0.99804854,0.0019514805,train
How come it takes so little time for a child who is afraid of the dark to become a teenager who wants to stay out all night?,1,1,0.6383899,0.36161005,train
"I got arrested for possession at, I shit you not,  &lt;TIME&gt;  pm",0,0,0.001687606,0.99831235,train
Rightio. 11.48 it is then. Well arent we all up bright and early this morning.,0,0,0.001789953,0.9982101,train
Ok i'm coming home now.,0,0,0.0016526585,0.9983474,train
Nothing. Can...,0,0,0.0018063086,0.9981937,train
Hi. Hope you had a good day. Have a better night.,0,0,0.00173875,0.9982613,train
"Double Mins & 1000 txts on Orange tariffs. Latest Motorola, SonyEricsson & Nokia with Bluetooth FREE! Call MobileUpd8 on 08000839402 or call2optout/HF8",1,1,0.99821436,0.0017856966,train
How dare you change my ring,0,0,0.0024548746,0.99754506,train
Text BANNEDUK to 89555 to see! cost 150p textoperator g696ga 18+ XXX,1,1,0.99798477,0.0020151965,train
Knock Knock Txt whose there to 80082 to enter r weekly draw 4 a å£250 gift voucher 4 a store of yr choice. T&Cs www.tkls.com age16 to stoptxtstopå£1.50/week,1,1,0.998248,0.0017520348,train
"Spook up your mob with a Halloween collection of a logo & pic message plus a free eerie tone, txt CARD SPOOK to 8007 zed 08701417012150p per logo/pic",1,1,0.99810314,0.0018968271,train
Last chance 2 claim ur å£150 worth of discount vouchers-Text YES to 85023 now!SavaMob-member offers mobile T Cs 08717898035. å£3.00 Sub. 16 . Remove txt X or STOP,1,1,0.998195,0.0018049928,train
Still at west coast... Haiz... ÌÏ'll take forever to come back...,0,0,0.0016490686,0.998351,train
Good morning princess! Happy New Year!,0,0,0.007182351,0.99281764,train
"FREE NOKIA Or Motorola with upto 12mths 1/2price linerental, 500 FREE x-net mins&100txt/mth FREE B'tooth*. Call Mobileupd8 on 08001950382 or call 2optout/D3WV",1,1,0.99824995,0.0017500452,train
SMS AUCTION - A BRAND NEW Nokia 7250 is up 4 auction today! Auction is FREE 2 join & take part! Txt NOKIA to 86021 now!,1,1,0.99813485,0.0018651347,train
I'll be at mu in like  &lt;#&gt;  seconds,0,0,0.0016929454,0.998307,train
Well there's a pattern emerging of my friends telling me to drive up and come smoke with them and then telling me that I'm a weed fiend/make them smoke too much/impede their doing other things so you see how I'm hesitant,0,0,0.0042724456,0.99572754,train
RT-KIng Pro Video Club>> Need help? info@ringtoneking.co.uk or call 08701237397 You must be 16+ Club credits redeemable at www.ringtoneking.co.uk! Enjoy!,1,1,0.9981982,0.0018018039,train
What's ur pin?,0,0,0.0016687177,0.99833125,train
"FreeMsg Why haven't you replied to my text? I'm Randy, sexy, female and live local. Luv to hear from u. Netcollex Ltd 08700621170150p per msg reply Stop to end",1,1,0.9981786,0.0018214171,train
Ur cash-balance is currently 500 pounds - to maximize ur cash-in now send GO to 86688 only 150p/msg. CC: 08718720201 PO BOX 114/14 TCR/W1,1,1,0.99817157,0.0018284164,train
"Sorry, went to bed early, nightnight",0,0,0.0016987845,0.9983012,train
You didn't have to tell me that...now i'm thinking. Plus he's going to stop all your runs,0,0,0.0017198035,0.99828017,train
"Yup. Anything lor, if u dun wan it's ok...",0,0,0.001663852,0.99833614,train
Babe: U want me dont u baby! Im nasty and have a thing 4 filthyguys. Fancy a rude time with a sexy bitch. How about we go slo n hard! Txt XXX SLO(4msgs),1,1,0.9973199,0.002680093,train
"Good afternoon sexy buns! How goes the job search ? I wake and you are my first thought as always, my love. I wish your fine and happy and know I adore you!",0,0,0.0037176462,0.9962824,train
Double Mins & Double Txt & 1/2 price Linerental on Latest Orange Bluetooth mobiles. Call MobileUpd8 for the very latest offers. 08000839402 or call2optout/LF56,1,1,0.9982504,0.0017494928,train
Awww dat is sweet! We can think of something to do he he! Have a nice time tonight ill probably txt u later cos im lonely :( xxx.,0,0,0.0018268992,0.9981731,train
"Don't worry though, I understand how important it is that I be put in my place with a poorly thought out punishment in the face of the worst thing that has ever happened to me. Brb gonna go kill myself",0,0,0.0020836855,0.9979163,train
Re your call; You didn't see my facebook huh?,0,0,0.0021754254,0.99782455,train
"YOUR CHANCE TO BE ON A REALITY FANTASY SHOW call now = 08707509020 Just 20p per min NTT Ltd, PO Box 1327 Croydon CR9 5WB 0870 is a national = rate call",1,1,0.9981997,0.0018002953,train
You said not now. No problem. When you can. Let me know.,0,0,0.0016364355,0.99836355,train
Of cos can lar i'm not so ba dao ok... 1 pm lor... Y u never ask where we go ah... I said u would ask on fri but he said u will ask today...,0,0,0.0016858035,0.99831426,train
Was gr8 to see that message. So when r u leaving? Congrats dear. What school and wat r ur plans.,0,0,0.0015928874,0.9984072,train
"England v Macedonia - dont miss the goals/team news. Txt ur national team to 87077 eg ENGLAND to 87077 Try:WALES, SCOTLAND 4txt/Ì¼1.20 POBOXox36504W45WQ 16+",1,1,0.9981331,0.0018669226,train
Todays Voda numbers ending 5226 are selected to receive a ?350 award. If you hava a match please call 08712300220 quoting claim code 1131 standard rates app ,1,1,0.9982957,0.0017043144,train
"\CHEERS FOR CALLIN BABE.SOZI CULDNT TALKBUT I WANNATELL U DETAILS LATER WENWECAN CHAT PROPERLY X\""""",0,0,0.003192031,0.996808,train
Well done ENGLAND! Get the official poly ringtone or colour flag on yer mobile! text TONE or FLAG to 84199 NOW! Opt-out txt ENG STOP. Box39822 W111WX å£1.50,1,1,0.9981647,0.0018353603,train
Mm yes dear look how i am hugging you both. :-P,0,0,0.0018027949,0.99819726,train
Thanks honey. Have a great day.,0,0,0.001590967,0.9984091,train
"Aldrine, rakhesh ex RTM here.pls call.urgent.",0,0,0.0016363007,0.9983637,train
Can you open the door?,0,0,0.0028308036,0.9971692,train
Do you want a NEW video phone750 anytime any network mins 150 text for only five pounds per week call 08000776320 now or reply for delivery tomorrow,1,1,0.99824464,0.0017554114,train
Dear good morning how you feeling dear,0,0,0.0020208308,0.9979792,train
Hey come online! Use msn... We are all there,0,0,0.001872682,0.9981273,train
Refused a loan? Secured or Unsecured? Can't get credit? Call free now 0800 195 6669 or text back 'help' & we will!,1,1,0.9981844,0.0018156007,train
"Bill, as in: Are there any letters for me. iÛªm expecting one from orange that isnÛªt a bill but may still say orange on it.",0,0,0.0018313619,0.9981686,train
"Congrats! 1 year special cinema pass for 2 is yours. call 09061209465 now! C Suprman V, Matrix3, StarWars3, etc all 4 FREE! bx420-ip4-5we. 150pm. Dont miss out! ",1,1,0.99831665,0.0016834122,train
UR awarded a City Break and could WIN a å£200 Summer Shopping spree every WK. Txt STORE to 88039.SkilGme.TsCs087147403231Winawk!Age16+å£1.50perWKsub,1,1,0.99817884,0.0018211171,train
Had your mobile 10 mths? Update to latest Orange camera/video phones for FREE. Save å£s with Free texts/weekend calls. Text YES for a callback orno to opt out,1,1,0.99813724,0.0018627767,train
God's love has no limit. God's grace has no measure. God's power has no boundaries. May u have God's endless blessings always in ur life...!! Gud ni8,0,0,0.0022048538,0.9977951,train
Want 2 get laid tonight? Want real Dogging locations sent direct 2 ur Mob? Join the UK's largest Dogging Network by txting MOAN to 69888Nyt. ec2a. 31p.msg@150p,1,1,0.998235,0.0017650065,train
I got a call from a landline number. . . I am asked to come to anna nagar . . . I will go in the afternoon,0,0,0.0024401718,0.9975598,train
So when do you wanna gym?,0,0,0.00179628,0.99820375,train
You have 1 new voicemail. Please call 08719181513.,1,1,0.99813473,0.0018651817,train
Audrie lousy autocorrect,0,0,0.002308682,0.9976914,train
Whos this am in class:-),0,0,0.0016340938,0.99836594,train
Dorothy@kiefer.com (Bank of Granite issues Strong-Buy) EXPLOSIVE PICK FOR OUR MEMBERS *****UP OVER 300% *********** Nasdaq Symbol CDGT That is a $5.00 per..,1,1,0.9971124,0.002887595,train
<Forwarded from 88877>FREE entry into our å£250 weekly comp just send the word ENTER to 88877 NOW. 18 T&C www.textcomp.com,1,1,0.9983146,0.0016853565,train
"It could work, we'll reach a consensus at the next meeting",0,0,0.0035014332,0.9964986,train
Its a great day. Do have yourself a beautiful one.,0,0,0.001615772,0.99838424,train
How much is torch in 9ja.,0,0,0.0018738795,0.9981261,train
"Sorry, I'll call later in meeting.",0,0,0.0017930699,0.998207,train
"Final Chance! Claim ur å£150 worth of discount vouchers today! Text YES to 85023 now! SavaMob, member offers mobile! T Cs SavaMob POBOX84, M263UZ. å£3.00 Subs 16",1,1,0.9981896,0.0018104231,train
I thk 530 lor. But dunno can get tickets a not. Wat u doing now?,0,0,0.0016649615,0.99833506,train
Reply with your name and address and YOU WILL RECEIVE BY POST a weeks completely free accommodation at various global locations www.phb1.com ph:08700435505150p,1,1,0.99815434,0.0018456498,train
You won't believe it but it's true. It's Incredible Txts! Reply G now to learn truly amazing things that will blow your mind. From O2FWD only 18p/txt,1,1,0.99799573,0.0020043042,train
How do you guys go to see movies on your side.,0,0,0.0041789254,0.9958211,train
FreeMsg Hi baby wow just got a new cam moby. Wanna C a hot pic? or Fancy a chat?Im w8in 4uTxt / rply CHAT to 82242 Hlp 08712317606 Msg150p 2rcv,1,1,0.9981388,0.0018611549,train
FREE camera phones with linerental from 4.49/month with 750 cross ntwk mins. 1/2 price txt bundle deals also avble. Call 08001950382 or call2optout/J MF,1,1,0.99824667,0.0017533688,train
"Mila, age23, blonde, new in UK. I look sex with UK guys. if u like fun with me. Text MTALK to 69866.18 . 30pp/txt 1st 5free. å£1.50 increments. Help08718728876",1,1,0.9979831,0.0020168629,train
Wat would u like 4 ur birthday?,0,0,0.0016098147,0.9983902,train
87077: Kick off a new season with 2wks FREE goals & news to ur mobile! Txt ur club name to 87077 eg VILLA to 87077,1,1,0.9982167,0.0017832587,train
Lol where do u come up with these ideas?,0,0,0.0016608539,0.9983392,train
Dear U've been invited to XCHAT. This is our final attempt to contact u! Txt CHAT to 86688 150p/MsgrcvdHG/Suite342/2Lands/Row/W1J6HL LDN 18 yrs,1,1,0.9982331,0.0017669079,train
A link to your picture has been sent. You can also use http://alto18.co.uk/wave/wave.asp?o=44345,1,1,0.9977767,0.0022232577,train
Just buy a pizza. Meat lovers or supreme. U get to pick.,0,0,0.0016235297,0.9983765,train
FreeMsg: Fancy a flirt? Reply DATE now & join the UKs fastest growing mobile dating service. Msgs rcvd just 25p to optout txt stop to 83021. Reply DATE now!,1,1,0.99820995,0.0017900894,train
Your weekly Cool-Mob tones are ready to download !This weeks new Tones include: 1) Crazy Frog-AXEL F>>> 2) Akon-Lonely>>> 3) Black Eyed-Dont P >>>More info in n,1,1,0.9975357,0.002464335,train
"I got another job! The one at the hospital doing data analysis or something, starts on monday! Not sure when my thesis will got finished",0,0,0.0043174936,0.9956825,train
Call Germany for only 1 pence per minute! Call from a fixed line via access number 0844 861 85 85. No prepayment. Direct access! www.telediscount.co.uk,1,1,0.9980769,0.0019230446,train
<Forwarded from 448712404000>Please CALL 08712404000 immediately as there is an urgent message waiting for you.,1,1,0.99816626,0.0018337274,train
Loosu go to hospital. De dont let it careless.,0,0,0.0016393033,0.9983607,train
New TEXTBUDDY Chat 2 horny guys in ur area 4 just 25p Free 2 receive Search postcode or at gaytextbuddy.com. TXT ONE name to 89693. 08715500022 rpl Stop 2 cnl,1,1,0.9982323,0.0017677508,train
"Hi there, 2nights ur lucky night! Uve been invited 2 XCHAT, the Uks wildest chat! Txt CHAT to 86688 now! 150p/MsgrcvdHG/Suite342/2Lands/Row/W1J6HL LDN 18yrs",1,1,0.9982823,0.0017177582,train
Later i guess. I needa do mcat study too.,0,0,0.0015220932,0.9984779,train
Okie... Thanx...,0,0,0.0017411079,0.9982589,train
FREEMSG: Our records indicate you may be entitled to 3750 pounds for the Accident you had. To claim for free reply with YES to this msg. To opt out text STOP,1,1,0.9980019,0.0019981768,train
" came to look at the flat, seems ok, in his 50s? * Is away alot wiv work. Got woman coming at 6.30 too.",0,0,0.0020305165,0.99796945,train
Not heard from U4 a while. Call 4 rude chat private line 01223585334 to cum. Wan 2C pics of me gettin shagged then text PIX to 8552. 2End send STOP 8552 SAM xxx,1,1,0.9982217,0.0017783026,train
Oh yah... We never cancel leh... Haha ,0,0,0.0016443306,0.9983557,train
Surly ill give it to you:-) while coming to review.,0,0,0.001771216,0.99822885,train
Someone has conacted our dating service and entered your phone because they fancy you!To find out who it is call from landline 09111030116. PoBox12n146tf15,1,1,0.998228,0.001772039,train
Congratulations ur awarded 500 of CD vouchers or 125gift guaranteed & Free entry 2 100 wkly draw txt MUSIC to 87066,1,1,0.9981286,0.0018714579,train
Lol I was gonna last month. I cashed some in but I left &lt;#&gt; just in case. I was collecting more during the week cause they announced it on the blog.,0,0,0.0016579807,0.99834204,train
Great News! Call FREEFONE 08006344447 to claim your guaranteed å£1000 CASH or å£2000 gift. Speak to a live operator NOW!,1,1,0.9983352,0.0016648418,train
Where are you lover ? I need you ...,0,0,0.0016597101,0.99834025,train
"Latest Nokia Mobile or iPOD MP3 Player +å£400 proze GUARANTEED! Reply with: WIN to 83355 now! Norcorp Ltd.å£1,50/Mtmsgrcvd18+",1,1,0.99811053,0.0018894181,train
Get ur 1st RINGTONE FREE NOW! Reply to this msg with TONE. Gr8 TOP 20 tones to your phone every week just å£1.50 per wk 2 opt out send STOP 08452810071 16,1,1,0.9981573,0.0018426462,train
"Call 09094100151 to use ur mins! Calls cast 10p/min (mob vary). Service provided by AOM, just GBP5/month. AOM Box61,M60 1ER until u stop. Ages 18+ only!",1,1,0.99830925,0.0016907307,train
Alright. I'm out--have a good night!,0,0,0.0016970654,0.99830294,train
"You might want to pull out more just in case and just plan on not spending it if you can, I don't have much confidence in derek and taylor's money management",0,0,0.011013036,0.98898697,train
You getting back any time soon?,0,0,0.0021979348,0.9978021,train
"Good afternoon, my love ! Any job prospects ? Are you missing me ? What do you do ? Are you being lazy and bleak, hmmm ? Or happy and filled with my love ?",0,0,0.0070973756,0.9929026,train
i am seeking a lady in the street and a freak in the sheets. Is that you?,0,0,0.0028685236,0.99713147,train
Send a logo 2 ur lover - 2 names joined by a heart. Txt LOVE NAME1 NAME2 MOBNO eg LOVE ADAM EVE 07123456789 to 87077 Yahoo! POBox36504W45WQ TxtNO 4 no ads 150p.,1,1,0.9982128,0.001787227,train
Doing project w frens lor. ,0,0,0.0016479071,0.99835217,train
So its to be poking man everyday that they teach you in canada abi! How are you. Just saying hi.,0,0,0.0018099294,0.9981901,train
URGENT! We are trying to contact U. Todays draw shows that you have won a å£800 prize GUARANTEED. Call 09050003091 from land line. Claim C52. Valid12hrs only,1,1,0.9982368,0.0017632624,train
GENT! We are trying to contact you. Last weekends draw shows that you won a å£1000 prize GUARANTEED. Call 09064012160. Claim Code K52. Valid 12hrs only. 150ppm ,1,1,0.99821115,0.0017888526,train
22 days to kick off! For Euro2004 U will be kept up to date with the latest news and results daily. To be removed send GET TXT STOP to 83222,1,1,0.9982545,0.0017455494,train
You have an important customer service announcement from PREMIER.,1,1,0.9932555,0.0067444914,train
"Thanks for your ringtone order, ref number R836. Your mobile will be charged å£4.50. Should your tone not arrive please call customer services on 09065069154",1,1,0.9982191,0.0017809098,train
"Text82228>> Get more ringtones, logos and games from www.txt82228.com. Questions: info@txt82228.co.uk",1,1,0.9980221,0.0019779482,train
WHITE FUDGE OREOS ARE IN STORES,0,0,0.0026232915,0.9973767,train
"Hack Chat. Get backdoor entry into 121 chat rooms at a fraction of the cost. Reply NEO69 or call 09050280520, to subscribe 25p pm. DPS, Bcm box 8027 Ldn, wc1n3xx",1,1,0.998279,0.0017210254,train
You can donate å£2.50 to UNICEF's Asian Tsunami disaster support fund by texting DONATE to 864233. å£2.50 will be added to your next bill,1,1,0.99796164,0.002038333,train
Keep my payasam there if rinu brings,0,0,0.0017411611,0.9982589,train
Thats cool. i liked your photos. You are very sexy!,0,0,0.0023636355,0.9976363,train
"For ur chance to win a å£250 cash every wk TXT: ACTION to 80608. T's&C's www.movietrivia.tv custcare 08712405022, 1x150p/wk",1,1,0.9981577,0.0018422656,train
I dont want to hear anything,0,0,0.0016192802,0.99838066,train
Kit Strip - you have been billed 150p. Netcollex Ltd. PO Box 1013 IG11 OJA,1,1,0.99804014,0.001959838,train
Reply to win å£100 weekly! What professional sport does Tiger Woods play? Send STOP to 87239 to end service,1,1,0.9981688,0.0018311057,train
When are you guys leaving?,0,0,0.0021094359,0.99789053,train
Leave it de:-). Start Prepare for next:-)..,0,0,0.002091339,0.9979087,train
Do you mind if I ask what happened? You dont have to say if it is uncomfortable.,0,0,0.002110899,0.9978891,train
URGENT! Your Mobile number has been awarded with a å£2000 prize GUARANTEED. Call 09058094454 from land line. Claim 3030. Valid 12hrs only,1,1,0.9982912,0.0017088343,train
When Ì_ login dat time... Dad fetching Ì_ home now?,0,0,0.001763525,0.9982364,train
Ur TONEXS subscription has been renewed and you have been charged å£4.50. You can choose 10 more polys this month. www.clubzed.co.uk *BILLING MSG*,1,1,0.9980572,0.0019428384,train
"Okay, good, no problem, and thanx!",0,0,0.0016564896,0.99834347,train
Ofcourse I also upload some songs,0,0,0.0016723226,0.9983277,train
Have you laid your airtel line to rest?,0,0,0.0027513455,0.9972486,train
Thanks for your subscription to Ringtone UK your mobile will be charged å£5/month Please confirm by replying YES or NO. If you reply NO you will not be charged,1,1,0.9978381,0.0021619268,train
Y?WHERE U AT DOGBREATH? ITS JUST SOUNDING LIKE JAN C THATåÕS AL!!!!!!!!!,0,0,0.0017045415,0.9982955,train
"Same, I'm at my great aunts anniversary party in tarpon springs",0,0,0.0019951512,0.99800485,train
You have 1 new voicemail. Please call 08719181503,1,1,0.99814093,0.0018590887,train
Yes. Nigh you cant aha.,0,0,0.0016297991,0.99837023,train
Thats cool. i am a gentleman and will treat you with dignity and respect.,0,0,0.0017079074,0.99829215,train
"HOT LIVE FANTASIES call now 08707500020 Just 20p per min NTT Ltd, PO Box 1327 Croydon CR9 5WB 0870 is a national rate call",1,1,0.998154,0.001845973,train
"tddnewsletter@emc1.co.uk (More games from TheDailyDraw) Dear Helen, Dozens of Free Games - with great prizesWith..",1,1,0.9976172,0.0023828358,train
Going thru a very different feeling.wavering decisions and coping up with the same is the same individual.time will heal everything i believe.,0,0,0.00418714,0.99581283,train
SMS SERVICES For your inclusive text credits pls gotto www.comuk.net login 3qxj9 unsubscribe with STOP no extra charge help 08702840625 comuk.220cm2 9AE,1,1,0.99821067,0.0017893586,train
"Hi, Mobile no.  &lt;#&gt;  has added you in their contact list on www.fullonsms.com It s a great place to send free sms to people For more visit fullonsms.com",0,0,0.0031844191,0.9968156,train
"Hello darling how are you today? I would love to have a chat, why dont you tell me what you look like and what you are in to sexy?",1,1,0.58476883,0.41523114,train
"FREE GAME. Get Rayman Golf 4 FREE from the O2 Games Arcade. 1st get UR games settings. Reply POST, then save & activ8. Press 0 key for Arcade. Termsapply",1,1,0.9978167,0.0021833065,train
"Congrats! 2 mobile 3G Videophones R yours. call 09063458130 now! videochat wid your mates, play java games, Dload polyPH music, noline rentl.",1,1,0.9983546,0.0016453256,train
Quite ok but a bit ex... U better go eat smth now else i'll feel guilty...,0,0,0.0015739902,0.9984261,train
"For ur chance to win a å£250 cash every wk TXT: ACTION to 80608. T's&C's www.movietrivia.tv custcare 08712405022, 1x150p/wk.",1,1,0.998175,0.0018250169,train
Is there any training tomorrow?,0,0,0.0019642576,0.9980357,train
"Loan for any purpose å£500 - å£75,000. Homeowners + Tenants welcome. Have you been previously refused? We can still help. Call Free 0800 1956669 or text back 'help'",1,1,0.99821836,0.0017815898,train
Those were my exact intentions,0,0,0.0017793525,0.9982206,train
"FREE RING TONE just text \POLYS\"" to 87131. Then every week get a new tone. 0870737910216yrs only å£1.50/wk.""",1,1,0.99815875,0.0018412943,train
"OH MR SHEFFIELD! You wanna play THAT game, okay. You're the boss and I'm the nanny. You give me a raise and I'll give YOU one!!",0,0,0.006391827,0.99360824,train
"Sounds gd... Haha... Can... Wah, u yan jiu so fast liao...",0,0,0.0016967535,0.9983032,train
Arun can u transfr me d amt,0,0,0.0017278073,0.9982722,train
URGENT! Your Mobile number has been awarded with a å£2000 prize GUARANTEED. Call 09061790121 from land line. Claim 3030. Valid 12hrs only 150ppm,1,1,0.9982665,0.0017335428,train
For taking part in our mobile survey yesterday! You can now have 500 texts 2 use however you wish. 2 get txts just send TXT to 80160 T&C www.txt43.com 1.50p,1,1,0.9982596,0.001740382,train
"Ugh y can't u just apologize, admit u were wrong and ask me to take u back?",0,0,0.0016653689,0.9983347,train
U have a secret admirer who is looking 2 make contact with U-find out who they R*reveal who thinks UR so special-call on 09058094599,1,1,0.9981413,0.0018586612,train
Tell them u have a headache and just want to use 1 hour of sick time.,0,0,0.0018010939,0.9981989,train
Oooh bed ridden ey? What are YOU thinking of?,0,0,0.0016298046,0.99837023,train
"Last Chance! Claim ur å£150 worth of discount vouchers today! Text SHOP to 85023 now! SavaMob, offers mobile! T Cs SavaMob POBOX84, M263UZ. å£3.00 Sub. 16",1,1,0.99815506,0.0018449015,train
Double your mins & txts on Orange or 1/2 price linerental - Motorola and SonyEricsson with B/Tooth FREE-Nokia FREE Call MobileUpd8 on 08000839402 or2optout/HV9D,1,1,0.99818146,0.0018185742,train
But i juz remembered i gotta bathe my dog today..,0,0,0.001634343,0.9983657,train
"FreeMSG You have been awarded a FREE mini DIGITAL CAMERA, just reply SNAP to collect your prize! (quizclub Opt out? Stop 80122300p/wk SP:RWM Ph:08704050406)",1,1,0.9982017,0.0017982826,train
Loans for any purpose even if you have Bad Credit! Tenants Welcome. Call NoWorriesLoans.com on 08717111821,1,1,0.997924,0.002076056,train
RGENT! This is the 2nd attempt to contact U!U have WON å£1250 CALL 09071512433 b4 050703 T&CsBCM4235WC1N3XX. callcost 150ppm mobilesvary. maxå£7. 50,1,1,0.99821043,0.0017896167,train
Oh shut it. Omg yesterday I had a dream that I had 2 kids both boys. I was so pissed. Not only about the kids but them being boys. I even told mark in my dream that he was changing diapers cause I'm not getting owed in the face.,0,0,0.0023526575,0.99764735,train
"Yeah why not, is the gang all ready",0,0,0.0017399424,0.9982601,train
PRIVATE! Your 2003 Account Statement for 07815296484 shows 800 un-redeemed S.I.M. points. Call 08718738001 Identifier Code 41782 Expires 18/11/04 ,1,1,0.99825674,0.001743285,train
FreeMsg: Hey - I'm Buffy. 25 and love to satisfy men. Home alone feeling randy. Reply 2 C my PIX! QlynnBV Help08700621170150p a msg Send stop to stop txts,1,1,0.9982345,0.0017654931,train
TheMob>Yo yo yo-Here comes a new selection of hot downloads for our members to get for FREE! Just click & open the next link sent to ur fone...,1,1,0.99596727,0.004032677,train
I HAVE A DATE ON SUNDAY WITH WILL!!,0,0,0.0029037872,0.9970962,train
You lifted my hopes with the offer of money. I am in need. Especially when the end of the month approaches and it hurts my studying. Anyways have a gr8 weekend,0,0,0.002398396,0.99760157,train
"U've been selected to stay in 1 of 250 top British hotels - FOR NOTHING! Holiday valued at å£350! Dial 08712300220 to claim - National Rate Call. Bx526, SW73SS",1,1,0.99811757,0.0018824196,train
PRIVATE! Your 2003 Account Statement for 07753741225 shows 800 un-redeemed S. I. M. points. Call 08715203677 Identifier Code: 42478 Expires 24/10/04,1,1,0.99822956,0.0017705121,train
Urgent! Please call 09061743811 from landline. Your ABTA complimentary 4* Tenerife Holiday or å£5000 cash await collection SAE T&Cs Box 326 CW25WX 150ppm,1,1,0.99817955,0.0018205117,train
I will see in half an hour,0,0,0.002311104,0.9976889,train
"Usf I guess, might as well take 1 car",0,0,0.0015987585,0.9984012,train
okmail: Dear Dave this is your final notice to collect your 4* Tenerife Holiday or #5000 CASH award! Call 09061743806 from landline. TCs SAE Box326 CW25WX 150ppm,1,1,0.9982882,0.001711793,train
Wife.how she knew the time of murder exactly,0,0,0.0021383823,0.9978617,train
"If you don't, your prize will go to another customer. T&C at www.t-c.biz 18+ 150p/min Polo Ltd Suite 373 London W1J 6HL Please call back if busy ",1,1,0.99815184,0.0018481762,train
"LookAtMe!: Thanks for your purchase of a video clip from LookAtMe!, you've been charged 35p. Think you can do better? Why not send a video in a MMSto 32323.",1,1,0.9979572,0.002042804,train
Well. Balls. Time to make calls,0,0,0.0016683334,0.9983317,train
Ok that's great thanx a lot.,0,0,0.0016197322,0.9983803,train
"Sir, i am waiting for your call, once free please call me.",0,0,0.0024752417,0.9975248,train
LIFE has never been this much fun and great until you came in. You made it truly special for me. I won't forget you! enjoy @ one gbp/sms,1,1,0.9972778,0.0027221707,train
Fuck cedar key and fuck her (come over anyway tho),0,0,0.001841184,0.9981589,train
WE REGRET TO INFORM U THAT THE NHS HAS MADE A MISTAKE.U WERE NEVER ACTUALLY BORN.PLEASE REPORT 2 YOR LOCAL HOSPITAL 2B TERMINATED.WE R SORRY 4 THE INCONVENIENCE,0,0,0.002337757,0.9976623,train
XCLUSIVE@CLUBSAISAI 2MOROW 28/5 SOIREE SPECIALE ZOUK WITH NICHOLS FROM PARIS.FREE ROSES 2 ALL LADIES !!! info: 07946746291/07880867867 ,1,1,0.99811196,0.0018879996,train
Reply to win å£100 weekly! Where will the 2006 FIFA World Cup be held? Send STOP to 87239 to end service,1,1,0.99809915,0.0019008495,train
"Dear Voucher Holder, To claim this weeks offer, at you PC please go to http://www.e-tlp.co.uk/expressoffer Ts&Cs apply. To stop texts, txt STOP to 80062",1,1,0.9982749,0.0017250739,train
Free video camera phones with Half Price line rental for 12 mths and 500 cross ntwk mins 100 txts. Call MobileUpd8 08001950382 or Call2OptOut/674,1,1,0.9982395,0.0017604806,train
INTERFLORA - åÒIt's not too late to order Interflora flowers for christmas call 0800 505060 to place your order before Midnight tomorrow.,1,1,0.99821633,0.001783639,train
25p 4 alfie Moon's Children in need song on ur mob. Tell ur m8s. Txt Tone charity to 8007 for Nokias or Poly charity for polys: zed 08701417012 profit 2 charity.,1,1,0.9981331,0.0018668424,train
"Thanks for your ringtone order, reference number X49. Your mobile will be charged 4.50. Should your tone not arrive please call customer services 09065989182. From: [colour=red]text[/colour]TXTstar",1,1,0.9983139,0.0016860932,train
"I can't, I don't have her number!",0,0,0.0019148199,0.99808526,train
"Good evening Sir, hope you are having a nice day. I wanted to bring it to your notice that I have been late in paying rent for the past few months and have had to pay a $ &lt;#&gt;  charge. I felt it would be inconsiderate of me to nag about something you give at great cost to yourself and that's why i didnt speak up. I however am in a recession and wont be able to pay the charge this month hence my askin well ahead of month's end. Can you please help. Thank you for everything.",0,0,0.0024026074,0.9975974,train
"URGENT!: Your Mobile No. was awarded a å£2,000 Bonus Caller Prize on 02/09/03! This is our 2nd attempt to contact YOU! Call 0871-872-9755 BOX95QU",1,1,0.9982462,0.0017538822,train
I always chat with you. In fact i need money can you raise me?,0,0,0.0029622528,0.99703777,train
Wat makes some people dearer is not just de happiness dat u feel when u meet them but de pain u feel when u miss dem!!!,0,0,0.0017270417,0.9982729,train
Please CALL 08712402972 immediately as there is an urgent message waiting for you,1,1,0.99816835,0.0018316646,train
Horrible u eat macs eat until u forgot abt me already rite... U take so long 2 reply. I thk it's more toot than b4 so b prepared. Now wat shall i eat?,0,0,0.0018695837,0.9981304,train
"Hmmm ... I thought we said 2 hours slave, not 3 ... You are late ... How should I punish you ?",0,0,0.0016801481,0.9983198,train
Monthly password for wap. mobsi.com is 391784. Use your wap phone not PC.,1,1,0.99801743,0.001982616,train
"Congratulations - Thanks to a good friend U have WON the å£2,000 Xmas prize. 2 claim is easy, just call 08712103738 NOW! Only 10p per minute. BT-national-rate",1,1,0.9983145,0.0016854703,train
"Urgent -call 09066649731from Landline. Your complimentary 4* Ibiza Holiday or å£10,000 cash await collection SAE T&Cs PO BOX 434 SK3 8WP 150ppm 18+",1,1,0.9982369,0.001763108,train
"I am real, baby! I want to bring out your inner tigress...",0,0,0.0015959213,0.9984041,train
"I know where the  &lt;#&gt;  is, I'll be there around 5",0,0,0.0016686392,0.99833137,train
"Someone U know has asked our dating service 2 contact you! Cant Guess who? CALL 09058097189 NOW all will be revealed. POBox 6, LS15HB 150p ",1,1,0.99831593,0.0016841327,train
"Do you know why god created gap between your fingers..? So that, One who is made for you comes &amp; fills those gaps by holding your hand with LOVE..!",0,0,0.0025968861,0.9974031,train
It means u could not keep ur words.,0,0,0.0016777936,0.9983222,train
Ok no prob...,0,0,0.0016267697,0.99837315,train
You are a winner U have been specially selected 2 receive å£1000 or a 4* holiday (flights inc) speak to a live operator 2 claim 0871277810910p/min (18+) ,1,1,0.99824345,0.0017565447,train
Will Ì_ b going to esplanade fr home?,0,0,0.0017153453,0.99828464,train
83039 62735=å£450 UK Break AccommodationVouchers terms & conditions apply. 2 claim you mustprovide your claim number which is 15541 ,1,1,0.9981388,0.0018612463,train
URGENT! We are trying to contact U Todays draw shows that you have won a å£800 prize GUARANTEED. Call 09050000460 from land line. Claim J89. po box245c2150pm,1,1,0.9982571,0.0017428384,train
"Text me when you get off, don't call, my phones having problems",0,0,0.0026662124,0.99733377,train
"URGENT! Last weekend's draw shows that you have won å£1000 cash or a Spanish holiday! CALL NOW 09050000332 to claim. T&C: RSTM, SW7 3SS. 150ppm",1,1,0.9982716,0.0017284045,train
"Ask g or iouri, I've told the story like ten times already",0,0,0.0017636652,0.9982363,train
A pure hearted person can have a wonderful smile that makes even his/her enemies to feel guilty for being an enemy.. So catch the world with your smile..:) GOODMORNING &amp; HAVE A SMILEY SUNDAY..:),0,0,0.0023434,0.9976566,train
Is ur paper in e morn or aft tmr?,0,0,0.0017883657,0.9982116,train
"Your account has been credited with 500 FREE Text Messages. To activate, just txt the word: CREDIT to No: 80488 T&Cs www.80488.biz",1,1,0.99826884,0.0017311679,train
Hello which the site to download songs its urgent pls,0,0,0.0019447939,0.9980552,train
Great. Have a safe trip. Dont panic surrender all.,0,0,0.0015248037,0.99847513,train
Gokila is talking with you aha:),0,0,0.0017418459,0.9982582,train
PS U no ur a grown up now right?,0,0,0.0016564958,0.99834347,train
Congratulations YOU'VE Won. You're a Winner in our August å£1000 Prize Draw. Call 09066660100 NOW. Prize Code 2309.,1,1,0.99816054,0.001839525,train
"Wan2 win a Meet+Greet with Westlife 4 U or a m8? They are currently on what tour? 1)Unbreakable, 2)Untamed, 3)Unkempt. Text 1,2 or 3 to 83049. Cost 50p +std text",1,1,0.9981834,0.0018166025,train
Carlos says he'll be at mu in  &lt;#&gt;  minutes,0,0,0.0016979268,0.9983021,train
Yup i've finished c Ì_ there...,0,0,0.0017383387,0.99826163,train
You should change your fb to jaykwon thuglyfe falconerf,0,0,0.0019078609,0.9980921,train
Hahaha..use your brain dear,0,0,0.0015905784,0.99840945,train
WOT U UP 2 J?,0,0,0.0016896519,0.9983103,train
Welp apparently he retired,0,0,0.0018827119,0.9981173,train
Please call our customer service representative on FREEPHONE 0808 145 4742 between 9am-11pm as you have WON a guaranteed å£1000 cash or å£5000 prize!,1,1,0.998047,0.0019530237,train
Ok i msg u b4 i leave my house.,0,0,0.0017682019,0.9982318,train
Daddy will take good care of you :),0,0,0.0017665522,0.99823344,train
"\URGENT! This is the 2nd attempt to contact U!U have WON å£1000CALL 09071512432 b4 300603t&csBCM4235WC1N3XX.callcost150ppmmobilesvary. maxå£7. 50\""""",1,1,0.99821633,0.0017836611,train
+123 Congratulations - in this week's competition draw u have won the å£1450 prize to claim just call 09050002311 b4280703. T&Cs/stop SMS 08718727868. Over 18 only 150ppm,1,1,0.9982882,0.0017118027,train
I'm very happy for you babe ! Woo hoo party on dude!,0,0,0.0025145893,0.9974854,train
I wnt to buy a BMW car urgently..its vry urgent.but hv a shortage of  &lt;#&gt; Lacs.there is no source to arng dis amt. &lt;#&gt; lacs..thats my prob,0,0,0.0020735601,0.9979265,train
2 and half years i missed your friendship:-),0,0,0.0019985894,0.9980014,train
Oh...i asked for fun. Haha...take care. Ì_,0,0,0.0016388857,0.99836105,train
"Did you hear about the new \Divorce Barbie\""? It comes with all of Ken's stuff!""",1,1,0.990177,0.009823003,train
Urgent Please call 09066612661 from landline. å£5000 cash or a luxury 4* Canary Islands Holiday await collection. T&Cs SAE award. 20M12AQ. 150ppm. 16+ ÛÏ,1,1,0.99825984,0.0017401684,train
08714712388 between 10am-7pm Cost 10p,1,1,0.9980281,0.001971825,train
From next month get upto 50% More Calls 4 Ur standard network charge 2 activate Call 9061100010 C Wire3.net 1st4Terms PoBox84 M26 3UZ Cost å£1.50 min MobcudB more,1,1,0.9982089,0.0017910873,train
Urgent! Please call 09061743810 from landline. Your ABTA complimentary 4* Tenerife Holiday or #5000 cash await collection SAE T&Cs Box 326 CW25WX 150 ppm,1,1,0.9982293,0.0017706966,train
"Sorry my roommates took forever, it ok if I come by now?",0,0,0.0016458797,0.9983542,train
Ok going to sleep. Hope i can meet her.,0,0,0.0016626345,0.9983374,train
Dont think so. It turns off like randomlly within 5min of opening,0,0,0.0017661544,0.9982338,train
"Oh my god! I've found your number again! I'm so glad, text me back xafter this msgs cst std ntwk chg å£1.50",1,1,0.9978701,0.0021298728,train
Marvel Mobile Play the official Ultimate Spider-man game (å£4.50) on ur mobile right now. Text SPIDER to 83338 for the game & we ll send u a FREE 8Ball wallpaper,1,1,0.99792516,0.0020748293,train
"By march ending, i should be ready. But will call you for sure. The problem is that my capital never complete. How far with you. How's work and the ladies",0,0,0.0025921578,0.99740785,train
A lot of this sickness thing going round. Take it easy. Hope u feel better soon. Lol,0,0,0.0016291427,0.9983708,train
U are subscribed to the best Mobile Content Service in the UK for å£3 per 10 days until you send STOP to 82324. Helpline 08706091795,1,1,0.9981616,0.0018384291,train
Huh so slow i tot u reach long ago liao... U 2 more days only i 4 more leh...,0,0,0.0016020737,0.9983979,train
"Hey Boys. Want hot XXX pics sent direct 2 ur phone? Txt PORN to 69855, 24Hrs free and then just 50p per day. To stop text STOPBCM SF WC1N3XX",1,1,0.9982175,0.0017824696,train
"Come to mu, we're sorting out our narcotics situation",0,0,0.0019601441,0.9980399,train
I'm at bruce &amp; fowler now but I'm in my mom's car so I can't park (long story),0,0,0.0018503572,0.99814963,train
"Thanks for your ringtone order, reference number X49.Your mobile will be charged 4.50. Should your tone not arrive please call customer services 09065989182",1,1,0.99824905,0.0017509967,train
Yar else i'll thk of all sorts of funny things.,0,0,0.0015984587,0.9984016,train
Wat's da model num of ur phone?,0,0,0.0016823785,0.9983176,train
What is important is that you prevent dehydration by giving her enough fluids,0,0,0.0073896446,0.9926104,train
Those cocksuckers. If it makes you feel better ipads are worthless garbage novelty items and you should feel bad for even wanting one,0,0,0.105753645,0.8942464,train
No. I.ll meet you in the library,0,0,0.0015782779,0.9984218,train
"Someone has contacted our dating service and entered your phone becausethey fancy you! To find out who it is call from a landline 09058098002. PoBox1, W14RG 150p",1,1,0.99829894,0.0017011281,train
Shuhui say change 2 suntec steamboat? U noe where? Where r u now?,0,0,0.0015919125,0.99840814,train
"HOT LIVE FANTASIES call now 08707509020 Just 20p per min NTT Ltd, PO Box 1327 Croydon CR9 5WB 0870 is a national rate call",1,1,0.9981591,0.0018408403,train
Just forced myself to eat a slice. I'm really not hungry tho. This sucks. Mark is getting worried. He knows I'm sick when I turn down pizza. Lol,0,0,0.001965519,0.99803454,train
Ur cash-balance is currently 500 pounds - to maximize ur cash-in now send CASH to 86688 only 150p/msg. CC: 08718720201 PO BOX 114/14 TCR/W1,1,1,0.9981706,0.0018293154,train
No got new job at bar in airport on satsgettin 4.47per hour but means no lie in! keep in touch,0,0,0.0021630884,0.9978369,train
U 447801259231 have a secret admirer who is looking 2 make contact with U-find out who they R*reveal who thinks UR so special-call on 09058094597,1,1,0.9981792,0.001820846,train
Text PASS to 69669 to collect your polyphonic ringtones. Normal gprs charges apply only. Enjoy your tones,1,1,0.99800724,0.0019928229,train
The beauty of life is in next second.. which hides thousands of secrets. I wish every second will be wonderful in ur life...!! gud n8,0,0,0.0021070112,0.99789304,train
As per your request 'Maangalyam (Alaipayuthe)' has been set as your callertune for all Callers. Press *9 to copy your friends Callertune,0,0,0.008255759,0.9917442,train
Alex knows a guy who sells mids but he's down in south tampa and I don't think I could set it up before like 8,0,0,0.002276675,0.9977233,train
"WELL DONE! Your 4* Costa Del Sol Holiday or å£5000 await collection. Call 09050090044 Now toClaim. SAE, TCs, POBox334, Stockport, SK38xh, Costå£1.50/pm, Max10mins",1,1,0.99830544,0.0016945226,train
They finally came to fix the ceiling.,0,0,0.0036902502,0.9963097,train
"URGENT! Your mobile was awarded a å£1,500 Bonus Caller Prize on 27/6/03. Our final attempt 2 contact U! Call 08714714011",1,1,0.998279,0.001721032,train
Okie,0,0,0.0016846394,0.99831533,train
Omg it could snow here tonite!,0,0,0.0016310083,0.99836904,train
"Goal! Arsenal 4 (Henry, 7 v Liverpool 2 Henry scores with a simple shot from 6 yards from a pass by Bergkamp to give Arsenal a 2 goal margin after 78 mins.",1,1,0.9857793,0.014220769,train
Ugh fuck it I'm resubbing to eve,0,0,0.0016530086,0.99834704,train
U have a secret admirer who is looking 2 make contact with U-find out who they R*reveal who thinks UR so special-call on 09058094565,1,1,0.99811196,0.0018880445,train
"Im in inperialmusic listening2the weirdest track ever byåÓleafcutter johnåÓ-sounds like insects being molested&someone plumbing,remixed by evil men on acid!",0,0,0.005191067,0.9948089,train
"Erm Û_ ill pick you up at about 6.45pm. That'll give enough time to get there, park and that.",0,0,0.0017570991,0.99824286,train
"Hello from Orange. For 1 month's free access to games, news and sport, plus 10 free texts and 20 photo messages, reply YES. Terms apply: www.orange.co.uk/ow",1,1,0.99774677,0.0022532577,train
Its too late:)but its k.wish you the same.,0,0,0.0015162599,0.9984837,train
Ur cash-balance is currently 500 pounds - to maximize ur cash-in now send CASH to 86688 only 150p/msg. CC: 08708800282 HG/Suite342/2Lands Row/W1J6HL,1,1,0.9981945,0.0018054921,train
Ok.,0,0,0.0016629106,0.99833703,train
No:-)i got rumour that you going to buy apartment in chennai:-),0,0,0.0020022488,0.9979977,train
"Sure, if I get an acknowledgement from you that it's astoundingly tactless and generally faggy to demand a blood oath fo",0,0,0.002258549,0.99774146,train
"You have been selected to stay in 1 of 250 top British hotels - FOR NOTHING! Holiday Worth å£350! To Claim, Call London 02072069400. Bx 526, SW73SS",1,1,0.9979942,0.002005823,train
NO GIFTS!! You trying to get me to throw myself off a cliff or something?,0,0,0.003353866,0.9966461,train
I want to tell you how bad I feel that basically the only times I text you lately are when I need drugs,0,0,0.010491408,0.9895086,train
"Congrats! 2 mobile 3G Videophones R yours. call 09061744553 now! videochat wid ur mates, play java games, Dload polyH music, noline rentl. bx420. ip4. 5we. 150pm",1,1,0.9982849,0.0017150635,train
And do you have any one that can teach me how to ship cars.,0,0,0.0036099195,0.99639004,val
Lol enjoy role playing much?,0,0,0.0017104228,0.9982895,val
We can go 4 e normal pilates after our intro...  ,0,0,0.0016722454,0.9983278,val
Free video camera phones with Half Price line rental for 12 mths and 500 cross ntwk mins 100 txts. Call MobileUpd8 08001950382 or Call2OptOut/674&,1,1,0.9982481,0.0017519606,val
Shopping? Eh ger i toking abt syd leh...Haha,0,0,0.0016141774,0.9983858,val
Yeah that'd pretty much be the best case scenario,0,0,0.0033724187,0.9966275,val
85233 FREE>Ringtone!Reply REAL,1,1,0.9978573,0.002142717,val
I am late. I will be there at,0,0,0.001661552,0.99833846,val
"I think your mentor is , but not 100 percent sure.",0,0,0.0020827546,0.99791723,val
Your B4U voucher w/c 27/03 is MARSMS. Log onto www.B4Utele.com for discount credit. To opt out reply stop. Customer care call 08717168528,1,1,0.9983096,0.0016903557,val
Ok...,0,0,0.0017542669,0.9982457,val
"Buzz! Hey, my Love ! I think of you and hope your day goes well. Did you sleep in ? I miss you babe. I long for the moment we are together again*loving smile*",0,0,0.0048417277,0.99515826,val
Haf u found him? I feel so stupid da v cam was working.,0,0,0.0016976892,0.99830234,val
"Hiya , have u been paying money into my account? If so, thanks. Got a pleasant surprise when i checked my balance -u c, i don't get statements 4 that acc",0,0,0.001779971,0.99822,val
Do you want a New Nokia 3510i Colour Phone Delivered Tomorrow? With 200 FREE minutes to any mobile + 100 FREE text + FREE camcorder Reply or Call 08000930705,1,1,0.9981541,0.0018458836,val
\Hey j! r u feeling any better,0,0,0.0019591732,0.99804085,val
In that case I guess I'll see you at campus lodge,0,0,0.0021082698,0.9978917,val
URGENT! We are trying to contact you. Last weekends draw shows that you have won a å£900 prize GUARANTEED. Call 09061701851. Claim code K61. Valid 12hours only,1,1,0.99818474,0.0018152178,val
Your unique user ID is 1172. For removal send STOP to 87239 customer services 08708034412,1,1,0.99827445,0.0017255832,val
(Bank of Granite issues Strong-Buy) EXPLOSIVE PICK FOR OUR MEMBERS *****UP OVER 300% *********** Nasdaq Symbol CDGT That is a $5.00 per..,1,1,0.9967669,0.0032330363,val
Good Luck! Draw takes place 28th Feb 06. Good Luck! For removal send STOP to 87239 customer services 08708034412,1,1,0.9982186,0.0017813974,val
Missed call alert. These numbers called but left no message. 07008009200,1,1,0.997908,0.0020920509,val
Misplaced your number and was sending texts to your old number. Wondering why i've not heard from you this year. All the best in your mcat. Got this number from my atlanta friends,0,0,0.23868635,0.7613136,val
"Haha, my friend tyler literally just asked if you could get him a dubsack",0,0,0.0018257883,0.9981742,val
I know she called me,0,0,0.0017354294,0.9982646,val
Todays Voda numbers ending 1225 are selected to receive a å£50award. If you have a match please call 08712300220 quoting claim code 3100 standard rates app ,1,1,0.998257,0.0017430285,val
Don't b floppy... b snappy & happy! Only gay chat service with photo upload call 08718730666 (10p/min). 2 stop our texts call 08712460324,1,1,0.99830097,0.0016990871,val
Simply sitting and watching match in office..,0,0,0.001977054,0.9980229,val
So there's a ring that comes with the guys costumes. It's there so they can gift their future yowifes. Hint hint,0,0,0.008055275,0.99194473,val
We confirm eating at esplanade?,0,0,0.0020293882,0.99797064,val
"Bears Pic Nick, and Tom, Pete and ... Dick. In fact, all types try gay chat with photo upload call 08718730666 (10p/min). 2 stop texts call 08712460324",1,1,0.9982663,0.0017337713,val
i cant talk to you now.i will call when i can.dont keep calling.,0,0,0.0016706302,0.99832934,val
Free Msg: Ringtone!From: http://tms. widelive.com/index. wml?id=1b6a5ecef91ff9*37819&first=true18:0430-JUL-05,1,1,0.99807537,0.0019246241,val
"Xmas & New Years Eve tickets are now on sale from the club, during the day from 10am till 8pm, and on Thurs, Fri & Sat night this week. They're selling fast!",1,0,0.05773647,0.9422635,val
Urgent Ur å£500 guaranteed award is still unclaimed! Call 09066368327 NOW closingdate04/09/02 claimcode M39M51 å£1.50pmmorefrommobile2Bremoved-MobyPOBox734LS27YF,1,1,0.9982672,0.001732769,val
"URGENT! Your mobile No 077xxx WON a å£2,000 Bonus Caller Prize on 02/06/03! This is the 2nd attempt to reach YOU! Call 09066362206 ASAP! BOX97N7QP, 150ppm",1,1,0.99825495,0.0017450933,val
"That means you got an A in epi, she.s fine. She.s here now.",0,0,0.0017257457,0.9982742,val
You please give us connection today itself before  &lt;DECIMAL&gt;  or refund the bill,0,0,0.0025206665,0.9974794,val
"Spook up your mob with a Halloween collection of a logo & pic message plus a free eerie tone, txt CARD SPOOK to 8007 zed 08701417012150p per logo/pic ",1,1,0.99810314,0.0018968271,val
"My Parents, My Kidz, My Friends n My Colleagues. All screaming.. SURPRISE !! and I was waiting on the sofa.. ... ..... ' NAKED...!",0,0,0.0018104428,0.9981895,val
"Today's Offer! Claim ur å£150 worth of discount vouchers! Text YES to 85023 now! SavaMob, member offers mobile! T Cs 08717898035. å£3.00 Sub. 16 . Unsub reply X",1,1,0.9981919,0.0018081029,val
I AM AT A PARTY WITH ALEX NICHOLS,0,0,0.0034188805,0.99658114,val
"Haha, that was the first person I was gonna ask",0,0,0.0016401064,0.99835986,val
"Latest News! Police station toilet stolen, cops have nothing to go on!",1,0,0.010856996,0.98914295,val
If I get there before you after your ten billion calls and texts so help me god,0,0,0.006551612,0.99344844,val
Ard 530 lor. I ok then message Ì_ lor.,0,0,0.0015984952,0.99840146,val
CDs 4u: Congratulations ur awarded å£500 of CD gift vouchers or å£125 gift guaranteed & Freeentry 2 å£100 wkly draw xt MUSIC to 87066 TnCs www.ldew.com1win150ppmx3age16 ,1,1,0.9982388,0.0017612249,val
Sunshine Quiz! Win a super Sony DVD recorder if you canname the capital of Australia? Text MQUIZ to 82277. B,1,1,0.9981832,0.0018167763,val
"\Response\"" is one of d powerful weapon 2 occupy a place in others 'HEART'... So",0,0,0.008620184,0.99137986,val
"Your free ringtone is waiting to be collected. Simply text the password \MIX\"" to 85069 to verify. Get Usher and Britney. FML",1,1,0.99801934,0.001980659,val
"0A$NETWORKS allow companies to bill for SMS, so they are responsible for their \suppliers\""",1,1,0.5027653,0.49723473,val
Can you plz tell me the ans. BSLVYL sent via fullonsms.com,0,0,0.0034348671,0.99656516,val
Very hurting n meaningful lines ever: \I compromised everything for my love,0,0,0.0019373825,0.9980627,val
Message Important information for O2 user. Today is your lucky day! 2 find out why log onto http://www.urawinner.com there is a fantastic surprise awaiting you,1,1,0.996639,0.0033609981,val
"New Mobiles from 2004, MUST GO! Txt: NOKIA to No: 89545 & collect yours today! From ONLY å£1. www.4-tc.biz 2optout 087187262701.50gbp/mtmsg18 TXTAUCTION.",1,1,0.9982613,0.0017387244,val
"SMS SERVICES. for your inclusive text credits, pls goto www.comuk.net login= 3qxj9 unsubscribe with STOP, no extra charge. help 08702840625.COMUK. 220-CM2 9AE",1,1,0.9982558,0.0017442328,val
Check Out Choose Your Babe Videos @ sms.shsex.netUN fgkslpoPW fgkslpo,1,1,0.99331903,0.0066809864,val
"If you're still up, maybe leave the credit card so I can get gas when I get back like he told me to",0,0,0.0061115418,0.99388844,val
I love u 2 my little pocy bell I am sorry but I love u,0,0,0.0017269521,0.998273,val
Me too watching surya movie only. . .after 6 pm vijay movie POKKIRI,0,0,0.0026031567,0.9973968,val
Oh thats late! Well have a good night and i will give u a call tomorrow. Iam now going to go to sleep night night,0,0,0.0016111365,0.9983889,val
"Tick, tick, tick .... Where are you ? I could die of loneliness you know ! *pouts* *stomps feet* I need you ...",0,0,0.0019382798,0.9980617,val
"accordingly. I repeat, just text the word ok on your mobile phone and send",1,0,0.044439126,0.95556086,val
Come by our room at some point so we can iron out the plan for this weekend,0,0,0.0073250765,0.9926749,val
\HEY KATE,0,0,0.0027924678,0.99720746,val
Free tones Hope you enjoyed your new content. text stop to 61610 to unsubscribe. help:08712400602450p Provided by tones2you.co.uk,1,1,0.99824584,0.0017541368,val
Hi dear we saw dear. We both are happy. Where you my battery is low,0,0,0.0017002124,0.9982998,val
Valentines Day Special! Win over å£1000 in our quiz and take your partner on the trip of a lifetime! Send GO to 83600 now. 150p/msg rcvd. CustCare:08718720201.,1,1,0.99824107,0.0017589184,val
Dear Subscriber ur draw 4 å£100 gift voucher will b entered on receipt of a correct ans. When was Elvis Presleys Birthday? TXT answer to 80062,1,1,0.99814856,0.001851409,val
Any way where are you and what doing.,0,0,0.0016277065,0.9983724,val
Free 1st week entry 2 TEXTPOD 4 a chance 2 win 40GB iPod or å£250 cash every wk. Txt VPOD to 81303 Ts&Cs www.textpod.net custcare 08712405020.,1,1,0.9982284,0.0017716738,val
"A bit of Ur smile is my hppnss, a drop of Ur tear is my sorrow, a part of Ur heart is my life, a heart like mine wil care for U, forevr as my GOODFRIEND",0,0,0.0018462227,0.99815375,val
Stupid.its not possible,0,0,0.001867422,0.99813265,val
"Hi, this is Mandy Sullivan calling from HOTMIX FM...you are chosen to receive å£5000.00 in our Easter Prize draw.....Please telephone 09041940223 to claim before 29/03/05 or your prize will be transferred to someone else....",1,1,0.9981178,0.0018822083,val
Txt: CALL to No: 86888 & claim your reward of 3 hours talk time to use from your phone now! Subscribe6GBP/mnth inc 3hrs 16 stop?txtStop www.gamb.tv,1,1,0.9982784,0.0017216778,val
Hi.what you think about match?,0,0,0.0020387017,0.9979613,val
"Love isn't a decision, it's a feeling. If we could decide who to love, then, life would be much simpler, but then less magical",0,0,0.018202685,0.98179734,val
You should get more chicken broth if you want ramen unless there's some I don't know about,0,0,0.0030323812,0.9969676,val
Anything lor but toa payoh got place 2 walk meh...,0,0,0.001604782,0.99839514,val
Dear 0776xxxxxxx U've been invited to XCHAT. This is our final attempt to contact u! Txt CHAT to 86688 150p/MsgrcvdHG/Suite342/2Lands/Row/W1J6HL LDN 18yrs,1,1,0.99827576,0.0017242694,val
http//tms. widelive.com/index. wml?id=820554ad0a1705572711&first=trueåÁC C RingtoneåÁ,1,1,0.997884,0.0021160045,val
Keep yourself safe for me because I need you and I miss you already and I envy everyone that see's you in real life,0,0,0.0036874868,0.99631256,val
Meeting u is my work. . . Tel me when shall i do my work tomorrow,0,0,0.0015676708,0.99843234,val
"We know someone who you know that fancies you. Call 09058097218 to find out who. POBox 6, LS15HB 150p",1,1,0.9982937,0.0017063194,val
Hello hun how ru? Its here by the way. Im good. Been on 2 dates with that guy i met in walkabout so far. We have to meet up soon. Hows everyone else?,0,0,0.0022231657,0.9977768,val
I'm good. Have you registered to vote?,0,0,0.0020387366,0.9979613,val
U have won a nokia 6230 plus a free digital camera. This is what u get when u win our FREE auction. To take part send NOKIA to 83383 now. POBOX114/14TCR/W1 16,1,1,0.9982533,0.0017467329,val
Can U get 2 phone NOW? I wanna chat 2 set up meet Call me NOW on 09096102316 U can cum here 2moro Luv JANE xx Callså£1/minmoremobsEMSPOBox45PO139WA,1,1,0.9981735,0.0018265758,val
PRIVATE! Your 2003 Account Statement for shows 800 un-redeemed S.I.M. points. Call 08718738001 Identifier Code: 49557 Expires 26/11/04,1,1,0.9982065,0.001793529,val
"Thank you, winner notified by sms. Good Luck! No future marketing reply STOP to 84122 customer services 08450542832",1,1,0.99813724,0.0018626978,val
FreeMsg>FAV XMAS TONES!Reply REAL,1,1,0.995889,0.004111005,val
"Alright, we're all set here, text the man",0,0,0.0022807221,0.9977192,val
If india win or level series means this is record:),0,0,0.028506361,0.97149366,val
Are you unique enough? Find out from 30th August. www.areyouunique.co.uk,1,1,0.9807715,0.019228557,val
"Yo, the game almost over? Want to go to walmart soon",0,0,0.0026138395,0.99738616,val
Juz go google n search 4 qet...,0,0,0.016308947,0.983691,val
"Just dropped em off, omw back now",0,0,0.001665809,0.9983342,val
Dear Voucher Holder 2 claim your 1st class airport lounge passes when using Your holiday voucher call 08704439680. When booking quote 1st class x 2,1,1,0.9982147,0.0017853003,val
"Just sent you an email ÛÒ to an address with incomm in it, is that right?",0,0,0.006986813,0.9930132,val
Also maaaan are you missing out,0,0,0.0016070902,0.9983929,val
IMPORTANT INFORMATION 4 ORANGE USER 0796XXXXXX. TODAY IS UR LUCKY DAY!2 FIND OUT WHY LOG ONTO http://www.urawinner.com THERE'S A FANTASTIC PRIZEAWAITING YOU!,1,1,0.99776137,0.0022386508,val
FreeMsg:Feelin kinda lnly hope u like 2 keep me company! Jst got a cam moby wanna c my pic?Txt or reply DATE to 82242 Msg150p 2rcv Hlp 08712317606 stop to 82242,1,1,0.9982426,0.0017573484,val
"Win the newest åÒHarry Potter and the Order of the Phoenix (Book 5) reply HARRY, answer 5 questions - chance to be the first among readers!",1,1,0.97870207,0.021297935,val
URGENT! Your Mobile number has been awarded with a å£2000 Bonus Caller Prize. Call 09058095201 from land line. Valid 12hrs only,1,1,0.99824834,0.0017517179,val
"Hello my boytoy ... Geeee I miss you already and I just woke up. I wish you were here in bed with me, cuddling me. I love you ...",0,0,0.0016867964,0.9983132,val
... Are you in the pub?,0,0,0.001791813,0.99820817,val
"cmon babe, make me horny, *turn* me on! Txt me your fantasy now babe -) Im hot, sticky and need you now. All replies cost å£1.50. 2 cancel send STOP",1,1,0.99780434,0.0021956132,val
Tomarrow final hearing on my laptop case so i cant.,0,0,0.0018254076,0.99817455,val
I donno if they are scorable,0,0,0.0016708559,0.9983291,val
Appt is at &lt;TIME&gt; am. Not my fault u don't listen. I told u twice,0,0,0.0015949346,0.99840504,val
Wat r u doing now?,0,0,0.0016945831,0.99830544,val
FREE entry into our å£250 weekly competition just text the word WIN to 80086 NOW. 18 T&C www.txttowin.co.uk,1,1,0.9981668,0.0018332283,val
Sos! Any amount i can get pls.,0,0,0.0015559567,0.998444,val
You have 1 new message. Please call 08712400200.,1,1,0.9981072,0.0018928024,val
"Free msg. Sorry, a service you ordered from 81303 could not be delivered as you do not have sufficient credit. Please top up to receive the service.",1,1,0.9979329,0.0020670698,val
FROM 88066 LOST å£12 HELP,1,1,0.996863,0.0031370616,val
"THATåÕS ALRITE GIRL, U KNOW GAIL IS NEVA WRONG!!TAKE CARE SWEET AND DONåÕT WORRY.C U L8TR HUN!LOVE Yaxxx",0,0,0.0024866017,0.9975134,val
important information 4 orange user . today is your lucky day!2find out why log onto http://www.urawinner.com THERE'S A FANTASTIC SURPRISE AWAITING YOU!,1,1,0.99531555,0.0046844115,val
"Hello baby, did you get back to your mom's ? Are you setting up the computer now ? Filling your belly ? How goes it loverboy ? I miss you already ... *sighs*",0,0,0.0034782735,0.9965217,val
You have WON a guaranteed å£1000 cash or a å£2000 prize.To claim yr prize call our customer service representative on,1,1,0.9980317,0.0019682925,val
Get a brand new mobile phone by being an agent of The Mob! Plus loads more goodies! For more info just text MAT to 87021.,1,1,0.9981279,0.001872118,val
Thinkin about someone is all good. No drugs for that,0,0,0.0017535199,0.99824655,val
I'm turning off my phone. My moms telling everyone I have cancer. And my sister won't stop calling. It hurts to talk. Can't put up with it. See u when u get home. Love u,0,0,0.0018040095,0.99819607,val
We tried to call you re your reply to our sms for a video mobile 750 mins UNLIMITED TEXT + free camcorder Reply of call 08000930705 Now,1,1,0.9982395,0.0017605335,val
Promotion Number: 8714714 - UR awarded a City Break and could WIN a å£200 Summer Shopping spree every WK. Txt STORE to 88039 . SkilGme. TsCs087147403231Winawk!Age16 å£1.50perWKsub,1,1,0.99820745,0.0017925672,val
Ur balance is now å£500. Ur next question is: Who sang 'Uptown Girl' in the 80's ? 2 answer txt ur ANSWER to 83600. Good luck!,1,1,0.9980763,0.0019236681,val
"Thanx 4 the time weåÕve spent 2geva, its bin mint! Ur my Baby and all I want is u!xxxx",0,0,0.00599944,0.99400055,val
Sorry. || mail? || ,0,0,0.00333642,0.9966635,val
Oh... Lk tt den we take e one tt ends at cine lor... Dun wan yogasana oso can... ,0,0,0.0018974555,0.9981026,val
"Hungry gay guys feeling hungry and up 4 it, now. Call 08718730555 just 10p/min. To stop texts call 08712460324 (10p/min)",1,1,0.99830097,0.0016990165,val
88066 FROM 88066 LOST 3POUND HELP,1,1,0.99698085,0.0030191059,val
FREE entry into our å£250 weekly comp just send the word ENTER to 84128 NOW. 18 T&C www.textcomp.com cust care 08712405020.,1,1,0.99823254,0.0017674613,val
C movie is juz last minute decision mah. Juz watch 2 lar but i tot Ì_ not interested.,0,0,0.0016052641,0.99839467,val
Bring home some Wendy =D,0,0,0.001988128,0.9980118,val
Yes i will be there. Glad you made it.,0,0,0.0016396497,0.99836034,val
Cuz ibored. And don wanna study,0,0,0.0016593798,0.9983406,val
You have won a guaranteed å£200 award or even å£1000 cashto claim UR award call free on 08000407165 (18+) 2 stop getstop on 88222 PHP,1,1,0.9982778,0.0017222302,val
K..u also dont msg or reply to his msg..,0,0,0.0021227058,0.99787736,val
Oh did you charge camera,0,0,0.0021555289,0.99784446,val
"Dear Voucher Holder, To claim this weeks offer, at your PC please go to http://www.wtlp.co.uk/text. Ts&Cs apply.",1,1,0.9976457,0.0023543516,val
Someone U know has asked our dating service 2 contact you! Cant Guess who? CALL 09058091854 NOW all will be revealed. PO BOX385 M6 6WU,1,1,0.9982602,0.0017397758,val
"FreeMsg Hey U, i just got 1 of these video/pic fones, reply WILD to this txt & ill send U my pics, hurry up Im so bored at work xxx (18 150p/rcvd STOP2stop)",1,1,0.9966446,0.0033554365,val
"Aight, you close by or still down around alex's place?",0,0,0.0018247667,0.99817526,val
I love you both too :-),0,0,0.0017910115,0.998209,val
"Watching cartoon, listening music &amp; at eve had to go temple &amp; church.. What about u?",0,0,0.001630718,0.9983693,val
Boy; I love u Grl: Hogolo Boy: gold chain kodstini Grl: Agalla Boy: necklace madstini Grl: agalla Boy: Hogli 1 mutai eerulli kodthini! Grl: I love U kano;-),0,0,0.002723116,0.99727684,val
Wrong phone! This phone! I answer this one but assume the other is people i don't well,0,0,0.003300671,0.9966993,val
"Ok, be careful ! Don't text and drive !",0,0,0.0019840137,0.998016,val
money!!! you r a lucky winner ! 2 claim your prize text money 2 88600 over å£1million to give away ! ppt150x3+normal text rate box403 w1t1jy,1,1,0.99806005,0.0019399899,val
Hi its LUCY Hubby at meetins all day Fri & I will B alone at hotel U fancy cumin over? Pls leave msg 2day 09099726395 Lucy x Callså£1/minMobsmoreLKPOBOX177HP51FL,1,1,0.9982515,0.0017485173,val
"SMS. ac Blind Date 4U!: Rodds1 is 21/m from Aberdeen, United Kingdom. Check Him out http://img. sms. ac/W/icmb3cktz8r7!-4 no Blind Dates send HIDE",1,1,0.9981743,0.0018257311,val
We currently have a message awaiting your collection. To collect your message just call 08718723815.,1,1,0.9981394,0.001860652,val
Want 2 get laid tonight? Want real Dogging locations sent direct 2 ur mob? Join the UK's largest Dogging Network bt Txting GRAVEL to 69888! Nt. ec2a. 31p.msg@150p,1,1,0.9982657,0.0017343152,val
"Yeah that's what I thought, lemme know if anything's goin on later",0,0,0.0016860875,0.9983139,val
Guess who am I?This is the first time I created a web page WWW.ASJESUS.COM read all I wrote. I'm waiting for your opinions. I want to be your friend 1/1,1,1,0.50417316,0.49582684,val
Thats cool. How was your day?,0,0,0.0017386185,0.9982614,val
And now electricity just went out fml.,0,0,0.0016049164,0.998395,val
Shb b ok lor... Thanx...,0,0,0.0016518814,0.9983481,val
Enjoy the jamster videosound gold club with your credits for 2 new videosounds+2 logos+musicnews! get more fun from jamster.co.uk! 16+only Help? call: 09701213186 ,1,1,0.9981584,0.0018416326,val
Mmmmmmm *snuggles into you* ...*deep contented sigh* ... *whispers* ... I fucking love you so much I can barely stand it ...,0,0,0.00212107,0.9978789,val
"As a valued customer, I am pleased to advise you that following recent review of your Mob No. you are awarded with a å£1500 Bonus Prize, call 09066368470",1,1,0.99792385,0.002076145,val
8007 FREE for 1st week! No1 Nokia tone 4 ur mob every week just txt NOKIA to 8007 Get txting and tell ur mates www.getzed.co.uk POBox 36504 W4 5WQ norm 150p/tone 16+,1,1,0.99815613,0.0018438973,val
"u r subscribed 2 TEXTCOMP 250 wkly comp. 1st wk?s free question follows, subsequent wks charged@150p/msg.2 unsubscribe txt STOP 2 84128,custcare 08712405020",1,1,0.9982279,0.0017720929,val
"Shop till u Drop, IS IT YOU, either 10K, 5K, å£500 Cash or å£100 Travel voucher, Call now, 09064011000. NTT PO Box CR01327BT fixedline Cost 150ppm mobile vary",1,1,0.99818254,0.001817501,val
XMAS Prize draws! We are trying to contact U. Todays draw shows that you have won a å£2000 prize GUARANTEED. Call 09058094565 from land line. Valid 12hrs only,1,1,0.9982462,0.0017538487,val
Our records indicate u maybe entitled to 5000 pounds in compensation for the Accident you had. To claim 4 free reply with CLAIM to this msg. 2 stop txt STOP,1,1,0.99793744,0.0020626446,val
"Double mins and txts 4 6months FREE Bluetooth on Orange. Available on Sony, Nokia Motorola phones. Call MobileUpd8 on 08000839402 or call2optout/N9DX",1,1,0.99819726,0.0018027141,val
BIG BROTHER ALERT! The computer has selected u for 10k cash or #150 voucher. Call 09064018838. NTT PO Box CRO1327 18+ BT Landline Cost 150ppm mobiles vary,1,1,0.99821496,0.0017850506,val
Ok. I.ll do you right later.,0,0,0.0015751206,0.9984249,val
Panasonic & BluetoothHdset FREE. Nokia FREE. Motorola FREE & DoubleMins & DoubleTxt on Orange contract. Call MobileUpd8 on 08000839402 or call 2optout,1,1,0.99821293,0.0017871131,val
Ok pa. Nothing problem:-),0,0,0.0015791903,0.99842083,val
The Xmas story is peace.. The Xmas msg is love.. The Xmas miracle is jesus.. Hav a blessed month ahead &amp; wish U Merry Xmas...,0,0,0.0018437393,0.99815625,val
"When you just put in the + sign, choose my number and the pin will show. Right?",0,0,0.11490814,0.8850919,val
"Also sir, i sent you an email about how to log into the usc payment portal. I.ll send you another message that should explain how things are back home. Have a great weekend.",0,0,0.042507656,0.9574924,val
Lil fever:) now fine:),0,0,0.0016182114,0.99838173,val
Natalie (20/F) is inviting you to be her friend. Reply YES-165 or NO-165 See her: www.SMS.ac/u/natalie2k9 STOP? Send STOP FRND to 62468,1,1,0.99818414,0.00181584,val
S.s:)i thinl role is like sachin.just standing. Others have to hit.,0,0,0.00154151,0.9984585,val
Do have a nice day today. I love you so dearly.,0,0,0.0020756826,0.9979243,val
Hope you enjoyed your new content. text stop to 61610 to unsubscribe. help:08712400602450p Provided by tones2you.co.uk,1,1,0.9982469,0.0017530565,val
Is xy going 4 e lunch?,0,0,0.0018936484,0.99810636,val
If you're thinking of lifting me one then no.,0,0,0.001979795,0.9980202,val
"complimentary 4 STAR Ibiza Holiday or å£10,000 cash needs your URGENT collection. 09066364349 NOW from Landline not to lose out! Box434SK38WP150PPM18+",1,1,0.9981218,0.0018782137,val
"Customer service announcement. We recently tried to make a delivery to you but were unable to do so, please call 07090298926 to re-schedule. Ref:9307622",1,1,0.9981603,0.0018396674,val
TBS/PERSOLVO. been chasing us since Sept forå£38 definitely not paying now thanks to your information. We will ignore them. Kath. Manchester.,1,0,0.2646346,0.73536533,val
Then we gotta do it after that,0,0,0.0016736902,0.99832636,val
Hey you around? I've got enough for a half + the ten I owe you,0,0,0.0029782392,0.99702173,val
Hi its in durban are you still on this number,0,0,0.00188535,0.9981147,val
I.ll give her once i have it. Plus she said grinule greet you whenever we speak,0,0,0.0017296391,0.9982704,val
"Had your contract mobile 11 Mnths? Latest Motorola, Nokia etc. all FREE! Double Mins & Text on Orange tariffs. TEXT YES for callback, no to remove from records",1,1,0.99788755,0.0021125046,val
I jus reached home. I go bathe first. But my sis using net tell u when she finishes k...,0,0,0.0015692882,0.99843067,val
Dont forget you can place as many FREE Requests with 1stchoice.co.uk as you wish. For more Information call 08707808226.,1,1,0.9982436,0.0017564093,val
Burger King - Wanna play footy at a top stadium? Get 2 Burger King before 1st Sept and go Large or Super with Coca-Cola and walk out a winner,1,1,0.9728162,0.027183747,val
Well keep in mind I've only got enough gas for one more round trip barring a sudden influx of cash,0,0,0.008191194,0.99180883,val
Lol ok ill try to send. Be warned Sprint is dead slow. You'll prolly get it tomorrow,0,0,0.0017267788,0.99827325,val
Do you want a New Nokia 3510i colour phone DeliveredTomorrow? With 300 free minutes to any mobile + 100 free texts + Free Camcorder reply or call 08000930705.,1,1,0.9982122,0.0017877407,val
"If you don't, your prize will go to another customer. T&C at www.t-c.biz 18+ 150p/min Polo Ltd Suite 373 London W1J 6HL Please call back if busy",1,1,0.99815184,0.0018481762,val
"Jus chillaxin, what up",0,0,0.0017584705,0.99824154,val
"So you think i should actually talk to him? Not call his boss in the morning? I went to this place last year and he told me where i could go and get my car fixed cheaper. He kept telling me today how much he hoped i would come back in, how he always regretted not getting my number, etc.",0,0,0.007497629,0.99250233,val
"Feb  &lt;#&gt;  is \I LOVE U\"" day. Send dis to all ur \""VALUED FRNDS\"" evn me. If 3 comes back u'll gt married d person u luv! If u ignore dis u will lose ur luv 4 Evr""",0,0,0.0030053428,0.9969946,val
You have won a Nokia 7250i. This is what you get when you win our FREE auction. To take part send Nokia to 86021 now. HG/Suite342/2Lands Row/W1JHL 16+ ,1,1,0.998251,0.0017489726,val
Can you call me plz. Your number shows out of coveragd area. I have urgnt call in vasai &amp; have to reach before 4'o clock so call me plz,0,0,0.0021716321,0.9978283,val
Thanks 4 your continued support Your question this week will enter u in2 our draw 4 å£100 cash. Name the NEW US President? txt ans to 80082,1,1,0.9982528,0.0017471636,val
"YOU VE WON! Your 4* Costa Del Sol Holiday or å£5000 await collection. Call 09050090044 Now toClaim. SAE, TC s, POBox334, Stockport, SK38xh, Costå£1.50/pm, Max10mins",1,1,0.9983015,0.0016984709,val
Hi I'm sue. I am 20 years old and work as a lapdancer. I love sex. Text me live - I'm i my bedroom now. text SUE to 89555. By TextOperator G2 1DA 150ppmsg 18+,1,1,0.9980876,0.0019124392,val
RECPT 1/3. You have ordered a Ringtone. Your order is being processed...,1,0,0.087146014,0.912854,val
Miss call miss call khelate kintu opponenter miss call dhorte lage. Thats d rule. One with great phone receiving quality wins.,0,0,0.0062364168,0.9937636,val
"Ok da, i already planned. I wil pick you.",0,0,0.0016314845,0.99836856,val
100 dating service cal;l 09064012103 box334sk38ch,1,1,0.99820626,0.0017937109,val
"Hi babe its Chloe, how r u? I was smashed on saturday night, it was great! How was your weekend? U been missing me? SP visionsms.com Text stop to stop 150p/text",1,1,0.9955258,0.0044741533,test
Win a å£1000 cash prize or a prize worth å£5000,1,1,0.99642426,0.003575714,test
A å£400 XMAS REWARD IS WAITING FOR YOU! Our computer has randomly picked you from our loyal mobile customers to receive a å£400 reward. Just call 09066380611 ,1,1,0.99825054,0.0017494555,test
I realise you are a busy guy and i'm trying not to be a bother. I have to get some exams outta the way and then try the cars. Do have a gr8 day,0,0,0.0066686217,0.9933314,test
I place all ur points on e cultures module already.,0,0,0.0017337458,0.9982663,test
Cbe is really good nowadays:)lot of shop and showrooms:)city is shaping good.,0,0,0.0023104635,0.9976896,test
"For ur chance to win å£250 cash every wk TXT: PLAY to 83370. T's&C's www.music-trivia.net custcare 08715705022, 1x150p/wk.",1,1,0.99819547,0.0018045633,test
Thats cool! Sometimes slow and gentle. Sonetimes rough and hard :),0,0,0.0016590608,0.99834096,test
Yar... I tot u knew dis would happen long ago already.,0,0,0.0016261566,0.99837387,test
1st wk FREE! Gr8 tones str8 2 u each wk. Txt NOKIA ON to 8007 for Classic Nokia tones or HIT ON to 8007 for Polys. Nokia/150p Poly/200p 16+,1,1,0.997945,0.002054999,test
"Sorry, I'll call later",0,0,0.0017054537,0.99829453,test
-PLS STOP bootydelious (32/F) is inviting you to be her friend. Reply YES-434 or NO-434 See her: www.SMS.ac/u/bootydelious STOP? Send STOP FRND to 62468,1,1,0.9981482,0.0018518675,test
HMV BONUS SPECIAL 500 pounds of genuine HMV vouchers to be won. Just answer 4 easy questions. Play Now! Send HMV to 86688 More info:www.100percent-real.com,1,1,0.99827695,0.0017230633,test
"Jay told me already, will do",0,0,0.0016032493,0.9983967,test
No pic. Please re-send.,0,0,0.0017064796,0.9982936,test
Yup. Wun believe wat? U really neva c e msg i sent shuhui?,0,0,0.0016375888,0.99836236,test
Lol wtf random. Btw is that your lunch break,0,0,0.0017119275,0.9982881,test
One small prestige problem now.,0,0,0.0028449069,0.9971551,test
"U can WIN å£100 of Music Gift Vouchers every week starting NOW Txt the word DRAW to 87066 TsCs www.ldew.com SkillGame,1Winaweek, age16.150ppermessSubscription",1,1,0.99821115,0.0017888935,test
"It's wylie, you in tampa or sarasota?",0,0,0.0021004926,0.99789953,test
Bbq this sat at mine from 6ish. Ur welcome 2 come,0,0,0.0018287054,0.9981713,test
PRIVATE! Your 2004 Account Statement for 078498****7 shows 786 unredeemed Bonus Points. To claim call 08719180219 Identifier Code: 45239 Expires 06.05.05,1,1,0.99822754,0.0017724741,test
Then get some cash together and I'll text jason,0,0,0.0022976168,0.9977024,test
"Congratulations! Thanks to a good friend U have WON the å£2,000 Xmas prize. 2 claim is easy, just call 08718726971 NOW! Only 10p per minute. BT-national-rate.",1,1,0.9983109,0.0016890398,test
SplashMobile: Choose from 1000s of gr8 tones each wk! This is a subscrition service with weekly tones costing 300p. U have one credit - kick back and ENJOY,1,1,0.9980059,0.0019940797,test
So u gonna get deus ex?,0,0,0.0016024772,0.9983975,test
Minimum walk is 3miles a day.,0,0,0.053330146,0.9466698,test
Wait 2 min..stand at bus stop,0,0,0.00391472,0.9960853,test
PRIVATE! Your 2003 Account Statement for shows 800 un-redeemed S.I.M. points. Call 08715203685 Identifier Code:4xx26 Expires 13/10/04,1,1,0.9982522,0.0017478067,test
important information 4 orange user 0789xxxxxxx. today is your lucky day!2find out why log onto http://www.urawinner.com THERE'S A FANTASTIC SURPRISE AWAITING YOU!,1,1,0.9979023,0.0020976958,test
URGENT! We are trying to contact U. Todays draw shows that you have won a å£800 prize GUARANTEED. Call 09050001808 from land line. Claim M95. Valid12hrs only,1,1,0.9982533,0.0017466837,test
"For ur chance to win a å£250 wkly shopping spree TXT: SHOP to 80878. T's&C's www.txt-2-shop.com custcare 08715705022, 1x150p/wk",1,1,0.99821967,0.0017803268,test
Oh ok no prob..,0,0,0.0015991896,0.99840087,test
Dunno y u ask me.,0,0,0.0016334639,0.99836653,test
You were supposed to wake ME up &gt;:(,0,0,0.001599373,0.9984006,test
Back 2 work 2morro half term over! Can U C me 2nite 4 some sexy passion B4 I have 2 go back? Chat NOW 09099726481 Luv DENA Calls å£1/minMobsmoreLKPOBOX177HP51FL,1,1,0.99823856,0.0017614329,test
Thanks for the Vote. Now sing along with the stars with Karaoke on your mobile. For a FREE link just reply with SING now.,1,1,0.99698275,0.0030172237,test
"This weeks SavaMob member offers are now accessible. Just call 08709501522 for details! SavaMob, POBOX 139, LA3 2WU. Only å£1.50/week. SavaMob - offers mobile!",1,1,0.9982712,0.0017287155,test
from www.Applausestore.com MonthlySubscription@50p/msg max6/month T&CsC web age16 2stop txt stop,1,1,0.9982167,0.0017832587,test
I don't run away frm u... I walk slowly &amp; it kills me that u don't care enough to stop me...,0,0,0.0015516003,0.9984484,test
URGENT This is our 2nd attempt to contact U. Your å£900 prize from YESTERDAY is still awaiting collection. To claim CALL NOW 09061702893. ACL03530150PM,1,1,0.9981823,0.0018177589,test
You are a winner U have been specially selected 2 receive å£1000 cash or a 4* holiday (flights inc) speak to a live operator 2 claim 0871277810810,1,1,0.99815434,0.0018456392,test
You have been specially selected to receive a 2000 pound award! Call 08712402050 BEFORE the lines close. Cost 10ppm. 16+. T&Cs apply. AG Promo,1,1,0.99828327,0.0017167495,test
"Dear all, as we know  &lt;#&gt; th is the  &lt;#&gt; th birthday of our loving Gopalettan. We are planning to give a small gift on that day. Those who like to participate in that you are welcome. Please contact our admin team for more details",0,0,0.0033390739,0.99666095,test
My love ... I hope your not doing anything drastic. Don't you dare sell your pc or your phone ...,0,0,0.0018967649,0.99810326,test
"Not for possession, especially not first offense",0,0,0.0029969965,0.997003,test
K..k..i'm also fine:)when will you complete the course?,0,0,0.0017504101,0.9982496,test
WIN a å£200 Shopping spree every WEEK Starting NOW. 2 play text STORE to 88039. SkilGme. TsCs08714740323 1Winawk! age16 å£1.50perweeksub.,1,1,0.99819905,0.0018009628,test
"Hmm well, night night ",0,0,0.0017514352,0.9982486,test
PRIVATE! Your 2003 Account Statement for shows 800 un-redeemed S. I. M. points. Call 08719899230 Identifier Code: 41685 Expires 07/11/04,1,1,0.99824476,0.0017551966,test
"&lt;#&gt; %of pple marry with their lovers... becz they hav gud undrstndng dat avoids problems. i sent dis 2 u, u wil get gud news on friday by d person you like. And tomorrow will be the best day of your life. Dont break this chain. If you break you will suffer. send this to  &lt;#&gt;  frnds in &lt;#&gt;  mins whn u read...",0,0,0.0019413494,0.9980586,test
New TEXTBUDDY Chat 2 horny guys in ur area 4 just 25p Free 2 receive Search postcode or at gaytextbuddy.com. TXT ONE name to 89693,1,1,0.9982803,0.0017197233,test
Lol for real. She told my dad I have cancer,0,0,0.001651845,0.9983481,test
Height of recycling: Read twice- People spend time for earning money and the same money is spent for spending time!;-) Good morning.. keep smiling:-),0,0,0.017546508,0.98245347,test
What do U want for Xmas? How about 100 free text messages & a new video phone with half price line rental? Call free now on 0800 0721072 to find out more!,1,1,0.9982356,0.0017644506,test
Customer Loyalty Offer:The NEW Nokia6650 Mobile from ONLY å£10 at TXTAUCTION! Txt word: START to No: 81151 & get yours Now! 4T&Ctxt TC 150p/MTmsg,1,1,0.9981724,0.0018276316,test
Someonone you know is trying to contact you via our dating service! To find out who it could be call from your mobile or landline 09064015307 BOX334SK38ch ,1,1,0.99823076,0.001769314,test
Sorry I missed your call let's talk when you have the time. I'm on 07090201529,1,1,0.99769706,0.0023028967,test
"K, can that happen tonight?",0,0,0.0018168826,0.9981831,test
"7 wonders in My WORLD 7th You 6th Ur style 5th Ur smile 4th Ur Personality 3rd Ur Nature 2nd Ur SMS and 1st \Ur Lovely Friendship\""... good morning dear""",0,1,0.6464195,0.35358045,test
"TheMob> Check out our newest selection of content, Games, Tones, Gossip, babes and sport, Keep your mobile fit and funky text WAP to 82468",1,1,0.99809724,0.0019028265,test
"Got what it takes 2 take part in the WRC Rally in Oz? U can with Lucozade Energy! Text RALLY LE to 61200 (25p), see packs or lucozade.co.uk/wrc & itcould be u!",1,1,0.9976356,0.0023644317,test
That's good. Lets thank God. Please complete the drug. Have lots of water. And have a beautiful day.,0,0,0.0017389123,0.99826115,test
URGENT This is our 2nd attempt to contact U. Your å£900 prize from YESTERDAY is still awaiting collection. To claim CALL NOW 09061702893,1,1,0.99813724,0.0018627723,test
But i'll b going 2 sch on mon. My sis need 2 take smth.,0,0,0.0016593806,0.9983406,test
"If e timing can, then i go w u lor...",0,0,0.0016189605,0.998381,test
How is it possible to teach you. And where.,0,0,0.0016913046,0.99830866,test
"YOUR CHANCE TO BE ON A REALITY FANTASY SHOW call now = 08707509020 Just 20p per min NTT Ltd, PO Box 1327 Croydon CR9 5WB 0870 is a national = rate call.",1,1,0.9982066,0.001793342,test
Yes there were many sweets,0,0,0.0018808356,0.9981192,test
Sunshine Quiz Wkly Q! Win a top Sony DVD player if u know which country Liverpool played in mid week? Txt ansr to 82277. å£1.50 SP:Tyrone,1,1,0.9980819,0.0019180494,test
I like to think there's always the possibility of being in a pub later.,0,0,0.003354486,0.9966455,test
Ur ringtone service has changed! 25 Free credits! Go to club4mobiles.com to choose content now! Stop? txt CLUB STOP to 87070. 150p/wk Club4 PO Box1146 MK45 2WT,1,1,0.99814725,0.0018527737,test
When you came to hostel.,0,0,0.0018177832,0.9981823,test
Aww that's the first time u said u missed me without asking if I missed u first. You DO love me! :),0,0,0.0016535793,0.99834645,test
So wats ur opinion abt him and how abt is character?,0,0,0.0018972072,0.99810284,test
"It's not that you make me cry. It's just that when all our stuff happens on top of everything else, it pushes me over the edge. You don't underdtand how often i cry over my sorry, sorry life.",0,0,0.0034547874,0.99654526,test
I am on the way to tirupur.,0,0,0.0022862237,0.9977138,test
YOU ARE CHOSEN TO RECEIVE A å£350 AWARD! Pls call claim number 09066364311 to collect your award which you are selected to receive as a valued mobile customer.,1,1,0.99821717,0.0017828064,test
You best watch what you say cause I get drunk as a motherfucker,0,0,0.002744026,0.997256,test
WOW! The Boys R Back. TAKE THAT 2007 UK Tour. Win VIP Tickets & pre-book with VIP Club. Txt CLUB to 81303. Trackmarque Ltd info@vipclub4u.,1,1,0.998131,0.0018690965,test
"Congrats 2 mobile 3G Videophones R yours. call 09063458130 now! videochat wid ur mates, play java games, Dload polypH music, noline rentl. bx420. ip4. 5we. 150p",1,1,0.9982571,0.001742884,test
FREE>Ringtone! Reply REAL or POLY eg REAL1 1. PushButton 2. DontCha 3. BabyGoodbye 4. GoldDigger 5. WeBeBurnin 1st tone FREE and 6 more when u join for å£3/wk,1,1,0.99815494,0.0018450157,test
"The LAY MAN! Just to let you know you are missed and thought off. Do have a great day. And if you can send me bimbo and ugo's numbers, ill appreciate. Safe",0,0,0.0028860853,0.99711394,test
"Someone U know has asked our dating service 2 contact you! Cant guess who? CALL 09058095107 NOW all will be revealed. POBox 7, S3XY 150p ",1,1,0.9983253,0.001674687,test
"Urgent! call 09066350750 from your landline. Your complimentary 4* Ibiza Holiday or 10,000 cash await collection SAE T&Cs PO BOX 434 SK3 8WP 150 ppm 18+ ",1,1,0.9982393,0.0017607101,test
YOU HAVE WON! As a valued Vodafone customer our computer has picked YOU to win a å£150 prize. To collect is easy. Just call 09061743386,1,1,0.99821705,0.0017829838,test
Want a new Video Phone? 750 anytime any network mins? Half price line rental free text for 3 months? Reply or call 08000930705 for free delivery,1,1,0.9982016,0.0017983364,test
Wewa is 130. Iriver 255. All 128 mb.,0,1,0.9955309,0.004469165,test
"Win the newest ÛÏHarry Potter and the Order of the Phoenix (Book 5) reply HARRY, answer 5 questions - chance to be the first among readers!",1,1,0.9708021,0.029197928,test
Moby Pub Quiz.Win a å£100 High Street prize if u know who the new Duchess of Cornwall will be? Txt her first name to 82277.unsub STOP å£1.50 008704050406 SP,1,1,0.99810284,0.0018971285,test
Ok i've sent u da latest version of da project.,0,0,0.0017173904,0.9982827,test
sports fans - get the latest sports news str* 2 ur mobile 1 wk FREE PLUS a FREE TONE Txt SPORT ON to 8007 www.getzed.co.uk 0870141701216+ norm 4txt/120p ,1,1,0.9981179,0.0018820622,test
Hey whats up? U sleeping all morning?,0,0,0.0018173523,0.99818265,test
"Wen ur lovable bcums angry wid u, dnt take it seriously.. Coz being angry is d most childish n true way of showing deep affection, care n luv!.. kettoda manda... Have nice day da.",0,0,0.0017034237,0.99829656,test
Show ur colours! Euro 2004 2-4-1 Offer! Get an England Flag & 3Lions tone on ur phone! Click on the following service message for info!,1,1,0.9980844,0.0019155827,test
UR GOING 2 BAHAMAS! CallFREEFONE 08081560665 and speak to a live operator to claim either Bahamas cruise ofå£2000 CASH 18+only. To opt out txt X to 07786200117,1,1,0.99821293,0.00178705,test
K then 2marrow are you coming to class.,0,0,0.0017974303,0.99820256,test
"That's good, because I need drugs",0,0,0.0016450062,0.998355,test
You will recieve your tone within the next 24hrs. For Terms and conditions please see Channel U Teletext Pg 750,1,1,0.997607,0.0023929705,test
You know my old Dom I told you about yesterday ? His name is Roger? He got in touch with me last night and wants me to meet him today at 2 pm,0,0,0.0057603507,0.9942397,test
Thanks for yesterday sir. You have been wonderful. Hope you enjoyed the burial. MojiBiola,0,0,0.0027280112,0.99727196,test
Hey... Very inconvenient for your sis a not huh?,0,0,0.0015755332,0.99842453,test
"Same here, but I consider walls and bunkers and shit important just because I never play on peaceful but I guess your place is high enough that it don't matter",0,0,0.0024750377,0.9975249,test
"What do u reckon as need 2 arrange transport if u can't do it, thanks",0,0,0.001676813,0.99832314,test
Wanna have a laugh? Try CHIT-CHAT on your mobile now! Logon by txting the word: CHAT and send it to No: 8883 CM PO Box 4217 London W1A 6ZF 16+ 118p/msg rcvd,1,1,0.99801993,0.0019800465,test
Wow didn't think it was that common. I take it all back ur not a freak! Unless u chop it off:-),0,0,0.0017416973,0.9982583,test
Y de asking like this.,0,0,0.0016709928,0.998329,test
"You have been specially selected to receive a \3000 award! Call 08712402050 BEFORE the lines close. Cost 10ppm. 16+. T&Cs apply. AG Promo""",1,1,0.9982937,0.0017062478,test
Now am free call me pa.,0,0,0.0016114416,0.9983885,test
They released vday shirts and when u put it on it makes your bottom half naked instead of those white underwear.,0,0,0.012188253,0.98781174,test
u r a winner U ave been specially selected 2 receive å£1000 cash or a 4* holiday (flights inc) speak to a live operator 2 claim 0871277810710p/min (18 ),1,1,0.9982304,0.0017695709,test
"Sppok up ur mob with a Halloween collection of nokia logo&pic message plus a FREE eerie tone, txt CARD SPOOK to 8007",1,1,0.99810433,0.0018956033,test
Huh so early.. Then Ì_ having dinner outside izzit?,0,0,0.0017475028,0.99825245,test
Congrats! Nokia 3650 video camera phone is your Call 09066382422 Calls cost 150ppm Ave call 3mins vary from mobiles 16+ Close 300603 post BCM4284 Ldn WC1N3XX,1,1,0.9980751,0.0019248999,test
"URGENT, IMPORTANT INFORMATION FOR O2 USER. TODAY IS YOUR LUCKY DAY! 2 FIND OUT WHY LOG ONTO HTTP://WWW.URAWINNER.COM THERE IS A FANTASTIC SURPRISE AWAITING FOR YOU",1,1,0.99632794,0.003672017,test
I am in bus on the way to calicut,0,0,0.0022060594,0.9977939,test
Aiya we discuss later lar... Pick Ì_ up at 4 is it?,0,0,0.0015469041,0.99845314,test
Fancy a shag? I do.Interested? sextextuk.com txt XXUK SUZY to 69876. Txts cost 1.50 per msg. TnCs on website. X,1,1,0.9982551,0.001744942,test
T-Mobile customer you may now claim your FREE CAMERA PHONE upgrade & a pay & go sim card for your loyalty. Call on 0845 021 3680.Offer ends 28thFeb.T&C's apply,1,1,0.9981629,0.0018370469,test
"You are being contacted by our dating service by someone you know! To find out who it is, call from a land line 09050000878. PoBox45W2TG150P",1,1,0.99823725,0.0017626773,test
"My fri ah... Okie lor,goin 4 my drivin den go shoppin after tt...",0,0,0.0017061373,0.9982938,test
THIS IS A LONG FUCKIN SHOWR,0,0,0.00212128,0.9978788,test
Thanks love. But am i doing torch or bold.,0,0,0.0015710838,0.9984289,test
"Hottest pics straight to your phone!! See me getting Wet and Wanting, just for you xx Text PICS to 89555 now! txt costs 150p textoperator g696ga 18 XxX",1,1,0.9980896,0.0019103141,test
Dear we got  &lt;#&gt;  dollars hi hi,0,0,0.0017286077,0.99827135,test
Ok lor. I ned 2 go toa payoh 4 a while 2 return smth u wan 2 send me there or wat?,0,0,0.0019741717,0.9980259,test
Ur cash-balance is currently 500 pounds - to maximize ur cash-in now send COLLECT to 83600 only 150p/msg. CC: 08718720201 PO BOX 114/14 TCR/W1,1,1,0.9981798,0.0018202506,test
Hey what's up charles sorry about the late reply.,0,0,0.0019506755,0.9980494,test
"Think ur smart ? Win å£200 this week in our weekly quiz, text PLAY to 85222 now!T&Cs WinnersClub PO BOX 84, M26 3UZ. 16+. GBP1.50/week",1,1,0.99815565,0.0018443615,test
S.this will increase the chance of winning.,0,0,0.0025610074,0.997439,test
Good Morning plz call me sir,0,0,0.0016586366,0.9983413,test
"I get out of class in bsn in like  &lt;#&gt;  minutes, you know where advising is?",0,0,0.0017774334,0.99822253,test
Were trying to find a Chinese food place around here,0,0,0.0035856343,0.9964143,test
"No, but you told me you were going, before you got drunk!",0,0,0.0019294507,0.99807054,test
"1) Go to write msg 2) Put on Dictionary mode 3)Cover the screen with hand, 4)Press  &lt;#&gt; . 5)Gently remove Ur hand.. Its interesting..:)",0,0,0.0067794444,0.99322057,test
Convey my regards to him,0,0,0.0025079458,0.9974921,test
"Nah it's straight, if you can just bring bud or drinks or something that's actually a little more useful than straight cash",0,0,0.03159835,0.9684017,test
Ok... Let u noe when i leave my house.,0,0,0.0016060678,0.99839395,test
I lost 4 pounds since my doc visit last week woot woot! Now I'm gonna celebrate by stuffing my face!,0,0,0.0045248778,0.9954751,test
\Wen u miss someone,0,0,0.0019941318,0.9980059,test
This message is free. Welcome to the new & improved Sex & Dogging club! To unsubscribe from this service reply STOP. msgs@150p 18+only,1,1,0.9981517,0.0018482651,test
Where r we meeting?,0,0,0.0016891349,0.9983109,test
Guess what! Somebody you know secretly fancies you! Wanna find out who it is? Give us a call on 09065394973 from Landline DATEBox1282EssexCM61XN 150p/min 18,1,1,0.9981686,0.0018313348,test
No I don't have cancer. Moms making a big deal out of a regular checkup aka pap smear,0,0,0.003421738,0.9965783,test
Sorry da:)i was thought of calling you lot of times:)lil busy.i will call you at noon..,0,0,0.0015694811,0.99843055,test
Which is why i never wanted to tell you any of this. Which is why i'm so short with you and on-edge as of late.,0,0,0.004619599,0.9953804,test
500 free text msgs. Just text ok to 80488 and we'll credit your account,1,1,0.99808985,0.001910186,test
"8 at the latest, g's still there if you can scrounge up some ammo and want to give the new ak a try",0,0,0.004057083,0.9959429,test
You have 1 new message. Please call 08715205273,1,1,0.99812406,0.0018759319,test
"Hi babe its Jordan, how r u? Im home from abroad and lonely, text me back if u wanna chat xxSP visionsms.com Text stop to stopCost 150p 08712400603",1,1,0.998154,0.0018459959,test
Still otside le..u come 2morrow maga..,0,0,0.0016726402,0.9983273,test
goldviking (29/M) is inviting you to be his friend. Reply YES-762 or NO-762 See him: www.SMS.ac/u/goldviking STOP? Send STOP FRND to 62468,1,1,0.99811566,0.0018843774,test
"Pete,is this your phone still? Its Jenny from college and Leanne.what are you up to now?:)",0,0,0.0020197076,0.9979803,test
Jus finish bathing...,0,0,0.0018106841,0.9981893,test
Call Germany for only 1 pence per minute! Call from a fixed line via access number 0844 861 85 85. No prepayment. Direct access!,1,1,0.99814105,0.0018588965,test
thesmszone.com lets you send free anonymous and masked messages..im sending this message from there..do you see the potential for abuse???,1,0,0.36280876,0.63719124,test
U have a secret admirer who is looking 2 make contact with U-find out who they R*reveal who thinks UR so special-call on 09058094594,1,1,0.998142,0.0018579767,test
Aiyah e rain like quite big leh. If drizzling i can at least run home.,0,0,0.0016271408,0.9983728,test
Of course. I guess god's just got me on hold right now.,0,0,0.001744717,0.9982553,test
Bring it if you got it,0,0,0.0019067643,0.9980932,test
Not getting anywhere with this damn job hunting over here!,0,0,0.003911363,0.9960886,test
"XXXMobileMovieClub: To use your credit, click the WAP link in the next txt message or click here>> http://wap. xxxmobilemovieclub.com?n=QJKGIGHJJGCBL",1,1,0.99712795,0.0028720554,test
"sorry, no, have got few things to do. may be in pub later.",0,0,0.0016678307,0.9983322,test
"You are guaranteed the latest Nokia Phone, a 40GB iPod MP3 player or a å£500 prize! Txt word: COLLECT to No: 83355! IBHltd LdnW15H 150p/Mtmsgrcvd18+",1,1,0.9981793,0.0018207117,test
Yo chad which gymnastics class do you wanna take? The site says Christians class is full..,0,0,0.0028936036,0.9971064,test
Am new 2 club & dont fink we met yet Will B gr8 2 C U Please leave msg 2day wiv ur area 09099726553 reply promised CARLIE x Callså£1/minMobsmore LKPOBOX177HP51FL,1,1,0.9982368,0.0017631734,test
Lol I would but my mom would have a fit and tell the whole family how crazy and terrible I am,0,0,0.0019595735,0.9980405,test
"To review and KEEP the fantastic Nokia N-Gage game deck with Club Nokia, go 2 www.cnupdates.com/newsletter. unsubscribe from alerts reply with the word OUT",1,1,0.997633,0.0023670099,test
* FREE* POLYPHONIC RINGTONE Text SUPER to 87131 to get your FREE POLY TONE of the week now! 16 SN PoBox202 NR31 7ZS subscription 450pw,1,1,0.9981667,0.0018332772,test
"Download as many ringtones as u like no restrictions, 1000s 2 choose. U can even send 2 yr buddys. Txt Sir to 80082 å£3 ",1,1,0.998126,0.0018740516,test
Imagine Life WITHOUT ME... see.. How fast u are searching me?Don't worry.. l'm always there To disturb U.. Goodnoon..:),0,0,0.001581918,0.9984181,test
Nutter. Cutter. Ctter. Cttergg. Cttargg. Ctargg. Ctagg. ie you,0,0,0.00864975,0.9913503,test
Your opinion about me? 1. Over 2. Jada 3. Kusruthi 4. Lovable 5. Silent 6. Spl character 7. Not matured 8. Stylish 9. Simple Pls reply..,0,1,0.9923538,0.0076461523,test
I accidentally brought em home in the box,0,0,0.0019151544,0.9980849,test
This message is brought to you by GMW Ltd. and is not connected to the,1,0,0.44031534,0.5596847,test
WHEN THE FIRST STRIKE IS A RED ONE. THE BIRD + ANTELOPE BEGIN TOPLAY IN THE FIELDOF SELFINDEPENDENCE BELIEVE THIS + THE FLOWER OF CONTENTION WILL GROW.RANDOM!,0,0,0.008655128,0.9913449,test
"Hi, the SEXYCHAT girls are waiting for you to text them. Text now for a great night chatting. send STOP to stop this service",1,1,0.9927981,0.007201829,test
I'm going 4 lunch now wif my family then aft dat i go str 2 orchard lor.,0,0,0.0017272383,0.9982728,test
GENT! We are trying to contact you. Last weekends draw shows that you won a å£1000 prize GUARANTEED. Call 09064012160. Claim Code K52. Valid 12hrs only. 150ppm,1,1,0.99821115,0.0017888526,test
Sir send to group mail check it.,0,0,0.003184982,0.996815,test
"Eerie Nokia tones 4u, rply TONE TITLE to 8007 eg TONE DRACULA to 8007 Titles: GHOST, ADDAMSFA, MUNSTERS, EXORCIST, TWILIGHT www.getzed.co.uk POBox36504W45WQ 150p",1,1,0.9981658,0.001834204,test
I'd like to tell you my deepest darkest fantasies. Call me 09094646631 just 60p/min. To stop texts call 08712460324 (nat rate),1,1,0.99828076,0.0017192797,test
Don know..he is watching film in computer..,0,0,0.0017437473,0.99825627,test
K:)k:)what are detail you want to transfer?acc no enough?,0,0,0.0021189826,0.997881,test
You are being ripped off! Get your mobile content from www.clubmoby.com call 08717509990 poly/true/Pix/Ringtones/Games six downloads for only 3,1,1,0.99822193,0.0017780258,test
Boltblue tones for 150p Reply POLY# or MONO# eg POLY3 1. Cha Cha Slide 2. Yeah 3. Slow Jamz 6. Toxic 8. Come With Me or STOP 4 more tones txt MORE,1,1,0.9980046,0.0019953924,test
"FREE2DAY sexy St George's Day pic of Jordan!Txt PIC to 89080 dont miss out, then every wk a saucy celeb!4 more pics c PocketBabe.co.uk 0870241182716 å£3/wk",1,1,0.99812347,0.0018765795,test
"Hi, can i please get a  &lt;#&gt;  dollar loan from you. I.ll pay you back by mid february. Pls.",0,0,0.0020372448,0.9979627,test
"You have won ?1,000 cash or a ?2,000 prize! To claim, call09050000327. T&C: RSTM, SW7 3SS. 150ppm",1,1,0.99830014,0.0016998904,test
todays vodafone numbers ending with 0089(my last four digits) are selected to received a å£350 award. If your number matches please call 09063442151 to claim your å£350 award,1,1,0.99821764,0.0017823763,test
URGENT! Your Mobile number has been awarded with a å£2000 prize GUARANTEED. Call 09061790126 from land line. Claim 3030. Valid 12hrs only 150ppm,1,1,0.9982687,0.0017312362,test
Wherre's my boytoy ? :-(,0,0,0.0018075067,0.9981925,test
"Congrats! 1 year special cinema pass for 2 is yours. call 09061209465 now! C Suprman V, Matrix3, StarWars3, etc all 4 FREE! bx420-ip4-5we. 150pm. Dont miss out!",1,1,0.99831665,0.0016834122,test
Yes ammae....life takes lot of turns you can only sit and try to hold the steering...,0,0,0.0016949454,0.9983051,test
Que pases un buen tiempo or something like that,0,0,0.00375601,0.9962441,test
PRIVATE! Your 2003 Account Statement for <fone no> shows 800 un-redeemed S. I. M. points. Call 08715203656 Identifier Code: 42049 Expires 26/10/04,1,1,0.99820673,0.0017933105,test
You have 1 new message. Call 0207-083-6089,1,1,0.9982504,0.0017496055,test
FreeMsg Today's the day if you are ready! I'm horny & live in your town. I love sex fun & games! Netcollex Ltd 08700621170150p per msg reply Stop to end,1,1,0.9980324,0.0019675845,test
I cant keep talking to people if am not sure i can pay them if they agree to price. So pls tell me what you want to really buy and how much you are willing to pay,0,0,0.0023667319,0.9976332,test
Yupz... I've oredi booked slots 4 my weekends liao... ,0,0,0.0015444182,0.9984555,test
Mobile Club: Choose any of the top quality items for your mobile. 7cfca1a,1,1,0.99787116,0.002128826,test
"January Male Sale! Hot Gay chat now cheaper, call 08709222922. National rate from 1.5p/min cheap to 7.8p/min peak! To stop texts call 08712460324 (10p/min)",1,1,0.99830437,0.0016956272,test
Dear 0776xxxxxxx U've been invited to XCHAT. This is our final attempt to contact u! Txt CHAT to 86688 150p/MsgrcvdHG/Suite342/2Lands/Row/W1J6HL LDN 18yrs ,1,1,0.99827576,0.0017242685,test
Filthy stories and GIRLS waiting for your,1,0,0.0022808316,0.9977191,test
No. I dont want to hear anything,0,0,0.001600677,0.9983993,test
December only! Had your mobile 11mths+? You are entitled to update to the latest colour camera mobile for Free! Call The Mobile Update Co FREE on 08002986906,1,1,0.99829525,0.0017047833,test
"This is the 2nd time we have tried to contact u. U have won the å£400 prize. 2 claim is easy, just call 087104711148 NOW! Only 10p per minute. BT-national-rate",1,1,0.9982911,0.0017089726,test
FREE for 1st week! No1 Nokia tone 4 ur mob every week just txt NOKIA to 8007 Get txting and tell ur mates www.getzed.co.uk POBox 36504 W45WQ norm150p/tone 16+,1,1,0.9981736,0.0018264455,test
