,seller_id,price,seller_rating,seller_reviews,description_length,shipping_time_days,spelling_errors,views,purchases,wishlist_adds,certification_badges,warranty_months,anomaly_score,risk_score_normalised,risk_tier,predicted_label,true_label,predicted_class,true_class,imputed_nlp_risk,associated_sms,nb_sample_id,CFRS
0,1,20.98,1.2,77,67,25,3,462,0,12,1,15,0.1042,1.0,HIGH,1,1,Counterfeit,Counterfeit,0.5992399049999488,"Congratulations! Thanks to a good friend U have WON the å£2,000 Xmas prize. 2 claim is easy, just call 08718726971 NOW! Only 10p per minute. BT-national-rate.",24,0.9992399049999489
1,2,15.89,3.1,54,108,43,3,1011,5,0,2,19,0.1029,0.9935,HIGH,1,1,Counterfeit,Counterfeit,0.5992385225438351,"Congratulations! Thanks to a good friend U have WON the å£2,000 Xmas prize. 2 claim is easy, just call 08718726971 NOW! Only 10p per minute. BT-national-rate.",24,0.9966385225438352
2,3,22.62,1.3,98,75,15,3,4050,26,64,0,7,0.1026,0.992,HIGH,1,1,Counterfeit,Counterfeit,0.5992371400877214,"January Male Sale! Hot Gay chat now cheaper, call 08709222922. National rate from 1.5p/min cheap to 7.8p/min peak! To stop texts call 08712460324 (10p/min)",202,0.9960371400877215
3,4,31.09,2.5,25,161,41,1,1783,13,36,1,4,0.1013,0.9857,HIGH,1,1,Counterfeit,Counterfeit,0.599236183422074,"January Male Sale! Hot Gay chat now cheaper, call 08709222922. National rate from 1.5p/min cheap to 7.8p/min peak! To stop texts call 08712460324 (10p/min)",202,0.993516183422074
4,5,21.7,2.7,48,98,23,1,2209,204,41,3,6,0.1006,0.9827,HIGH,1,1,Counterfeit,Counterfeit,0.5992352879196978,"You have won ?1,000 cash or a ?2,000 prize! To claim, call09050000327. T&C: RSTM, SW7 3SS. 150ppm",189,0.9923152879196979
5,6,19.84,3.0,37,99,41,3,4912,70,32,4,9,0.0988,0.9739,HIGH,1,1,Counterfeit,Counterfeit,0.5992342877996252,"You have won ?1,000 cash or a ?2,000 prize! To claim, call09050000327. T&C: RSTM, SW7 3SS. 150ppm",189,0.9887942877996252
6,7,29.49,3.2,2,148,22,3,3073,19,14,4,4,0.0987,0.9736,HIGH,1,1,Counterfeit,Counterfeit,0.5992332525820027,December only! Had your mobile 11mths+? You are entitled to update to the latest colour camera mobile for Free! Call The Mobile Update Co FREE on 08002986906,206,0.9886732525820027
7,8,15.89,3.1,79,92,41,3,3612,73,54,2,3,0.0982,0.9711,HIGH,1,1,Counterfeit,Counterfeit,0.5992326476529658,December only! Had your mobile 11mths+? You are entitled to update to the latest colour camera mobile for Free! Call The Mobile Update Co FREE on 08002986906,206,0.9876726476529658
8,9,15.35,1.3,21,53,31,4,2736,56,30,3,9,0.0981,0.9703,HIGH,1,1,Counterfeit,Counterfeit,0.5992323028984226,"You have been specially selected to receive a \3000 award! Call 08712402050 BEFORE the lines close. Cost 10ppm. 16+. T&Cs apply. AG Promo""",108,0.9873523028984226
9,10,20.56,3.1,7,158,14,2,2468,140,62,2,13,0.0976,0.9683,HIGH,1,1,Counterfeit,Counterfeit,0.5992318640681659,"You have been specially selected to receive a \3000 award! Call 08712402050 BEFORE the lines close. Cost 10ppm. 16+. T&Cs apply. AG Promo""",108,0.9865518640681659
10,11,28.03,2.2,86,71,24,4,4635,37,33,0,12,0.0974,0.9673,HIGH,1,1,Counterfeit,Counterfeit,0.5992313302488396,"This is the 2nd time we have tried to contact u. U have won the å£400 prize. 2 claim is easy, just call 087104711148 NOW! Only 10p per minute. BT-national-rate",207,0.9861513302488396
11,12,38.69,3.0,46,53,30,2,2739,258,58,0,11,0.0974,0.9672,HIGH,1,1,Counterfeit,Counterfeit,0.5992303779911644,"This is the 2nd time we have tried to contact u. U have won the å£400 prize. 2 claim is easy, just call 087104711148 NOW! Only 10p per minute. BT-national-rate",207,0.9861103779911644
12,13,23.92,1.0,56,98,39,2,4571,233,43,2,2,0.0973,0.9669,HIGH,1,1,Counterfeit,Counterfeit,0.5992287192791345,You have been specially selected to receive a 2000 pound award! Call 08712402050 BEFORE the lines close. Cost 10ppm. 16+. T&Cs apply. AG Promo,43,0.9859887192791345
13,14,22.8,3.4,92,187,23,4,2712,41,99,2,14,0.0973,0.9667,HIGH,1,1,Counterfeit,Counterfeit,0.5992271508124066,You have been specially selected to receive a 2000 pound award! Call 08712402050 BEFORE the lines close. Cost 10ppm. 16+. T&Cs apply. AG Promo,43,0.9859071508124067
14,15,14.42,3.6,42,155,41,3,3902,86,51,4,21,0.0971,0.966,HIGH,1,1,Counterfeit,Counterfeit,0.5992258583901325,New TEXTBUDDY Chat 2 horny guys in ur area 4 just 25p Free 2 receive Search postcode or at gaytextbuddy.com. TXT ONE name to 89693,52,0.9856258583901325
15,16,16.91,3.1,28,79,16,1,3099,173,18,4,17,0.0971,0.9657,HIGH,1,1,Counterfeit,Counterfeit,0.5992247152964946,New TEXTBUDDY Chat 2 horny guys in ur area 4 just 25p Free 2 receive Search postcode or at gaytextbuddy.com. TXT ONE name to 89693,52,0.9855047152964946
16,17,21.41,2.7,33,196,37,4,292,25,11,4,0,0.097,0.965,HIGH,1,1,Counterfeit,Counterfeit,0.5992246593153273,HMV BONUS SPECIAL 500 pounds of genuine HMV vouchers to be won. Just answer 4 easy questions. Play Now! Send HMV to 86688 More info:www.100percent-real.com,13,0.9852246593153273
17,18,52.71,1.7,84,144,23,3,2349,16,89,3,4,0.0966,0.9635,HIGH,1,1,Counterfeit,Counterfeit,0.5992246033341602,HMV BONUS SPECIAL 500 pounds of genuine HMV vouchers to be won. Just answer 4 easy questions. Play Now! Send HMV to 86688 More info:www.100percent-real.com,13,0.9846246033341601
18,19,26.31,2.4,82,132,30,3,3649,237,25,4,16,0.0966,0.9634,HIGH,1,1,Counterfeit,Counterfeit,0.5992243637929762,HMV BONUS SPECIAL 500 pounds of genuine HMV vouchers to be won. Just answer 4 easy questions. Play Now! Send HMV to 86688 More info:www.100percent-real.com,13,0.9845843637929762
19,20,29.54,1.3,73,95,27,4,3532,322,34,1,2,0.0965,0.9628,HIGH,1,1,Counterfeit,Counterfeit,0.5992241233607243,Dear 0776xxxxxxx U've been invited to XCHAT. This is our final attempt to contact u! Txt CHAT to 86688 150p/MsgrcvdHG/Suite342/2Lands/Row/W1J6HL LDN 18yrs ,203,0.9843441233607243
20,21,28.25,3.0,13,167,38,4,3960,134,10,1,13,0.0962,0.9616,HIGH,1,1,Counterfeit,Counterfeit,0.5992237141683668,Dear 0776xxxxxxx U've been invited to XCHAT. This is our final attempt to contact u! Txt CHAT to 86688 150p/MsgrcvdHG/Suite342/2Lands/Row/W1J6HL LDN 18yrs ,203,0.9838637141683668
21,22,30.45,3.3,5,155,31,3,1235,83,5,2,2,0.0961,0.9611,HIGH,1,1,Counterfeit,Counterfeit,0.5992232796619937,"Someone U know has asked our dating service 2 contact you! Cant guess who? CALL 09058095107 NOW all will be revealed. POBox 7, S3XY 150p ",84,0.9836632796619937
22,23,34.58,2.7,64,155,43,3,1920,151,91,2,7,0.0958,0.9594,HIGH,1,1,Counterfeit,Counterfeit,0.5992227248325803,"Someone U know has asked our dating service 2 contact you! Cant guess who? CALL 09058095107 NOW all will be revealed. POBox 7, S3XY 150p ",84,0.9829827248325804
23,24,49.96,3.4,23,109,41,4,3223,303,77,2,3,0.0955,0.9581,HIGH,1,1,Counterfeit,Counterfeit,0.5992221285932894,"This weeks SavaMob member offers are now accessible. Just call 08709501522 for details! SavaMob, POBOX 139, LA3 2WU. Only å£1.50/week. SavaMob - offers mobile!",38,0.9824621285932894
24,25,38.0,2.0,35,112,29,3,1002,83,21,0,20,0.095,0.9556,HIGH,1,1,Counterfeit,Counterfeit,0.5992216141941475,"This weeks SavaMob member offers are now accessible. Just call 08709501522 for details! SavaMob, POBOX 139, LA3 2WU. Only å£1.50/week. SavaMob - offers mobile!",38,0.9814616141941476
25,26,26.77,3.3,87,158,18,2,3357,78,64,2,9,0.0941,0.9513,HIGH,1,1,Counterfeit,Counterfeit,0.5992211503057228,URGENT! Your Mobile number has been awarded with a å£2000 prize GUARANTEED. Call 09061790126 from land line. Claim 3030. Valid 12hrs only 150ppm,191,0.9797411503057227
26,27,56.06,1.6,52,171,24,4,4732,38,73,3,16,0.0941,0.9512,HIGH,1,1,Counterfeit,Counterfeit,0.5992197041610503,URGENT! Your Mobile number has been awarded with a å£2000 prize GUARANTEED. Call 09061790126 from land line. Claim 3030. Valid 12hrs only 150ppm,191,0.9796997041610503
27,28,43.19,1.6,66,198,19,3,3474,211,27,1,17,0.0938,0.95,HIGH,1,1,Counterfeit,Counterfeit,0.5992172468702408,"Congrats 2 mobile 3G Videophones R yours. call 09063458130 now! videochat wid ur mates, play java games, Dload polypH music, noline rentl. bx420. ip4. 5we. 150p",81,0.9792172468702408
28,29,29.14,3.1,34,125,40,2,1065,62,11,4,0,0.0938,0.95,HIGH,1,1,Counterfeit,Counterfeit,0.5992153969668855,"Congrats 2 mobile 3G Videophones R yours. call 09063458130 now! videochat wid ur mates, play java games, Dload polypH music, noline rentl. bx420. ip4. 5we. 150p",81,0.9792153969668855
29,30,29.39,1.6,63,127,21,1,1158,87,47,3,10,0.0938,0.9498,HIGH,1,1,Counterfeit,Counterfeit,0.5992145940076952,URGENT! We are trying to contact U. Todays draw shows that you have won a å£800 prize GUARANTEED. Call 09050001808 from land line. Claim M95. Valid12hrs only,31,0.9791345940076952
30,31,27.66,1.8,71,81,14,1,2566,141,35,0,22,0.0937,0.9493,HIGH,1,1,Counterfeit,Counterfeit,0.5992139287499996,URGENT! We are trying to contact U. Todays draw shows that you have won a å£800 prize GUARANTEED. Call 09050001808 from land line. Claim M95. Valid12hrs only,31,0.9789339287499996
31,32,36.98,3.3,18,117,27,4,4511,242,76,4,20,0.0929,0.9455,HIGH,1,1,Counterfeit,Counterfeit,0.5992136958749975,PRIVATE! Your 2003 Account Statement for shows 800 un-redeemed S.I.M. points. Call 08715203685 Identifier Code:4xx26 Expires 13/10/04,29,0.9774136958749975
32,33,62.94,1.7,97,199,42,2,2063,205,31,2,9,0.0928,0.9451,HIGH,1,1,Counterfeit,Counterfeit,0.5992133073818136,PRIVATE! Your 2003 Account Statement for shows 800 un-redeemed S.I.M. points. Call 08715203685 Identifier Code:4xx26 Expires 13/10/04,29,0.9772533073818136
33,34,32.16,3.1,50,50,37,1,3489,202,43,0,16,0.0926,0.9441,HIGH,1,1,Counterfeit,Counterfeit,0.5992117322999913,PRIVATE! Your 2003 Account Statement for shows 800 un-redeemed S. I. M. points. Call 08719899230 Identifier Code: 41685 Expires 07/11/04,50,0.9768517322999912
34,35,48.43,3.1,74,127,17,3,688,40,6,2,16,0.0924,0.9433,HIGH,1,1,Counterfeit,Counterfeit,0.5992101572181691,PRIVATE! Your 2003 Account Statement for shows 800 un-redeemed S. I. M. points. Call 08719899230 Identifier Code: 41685 Expires 07/11/04,50,0.976530157218169
35,36,46.02,1.1,42,52,31,4,1887,114,38,2,8,0.0924,0.9433,HIGH,1,1,Counterfeit,Counterfeit,0.5992089972613568,PRIVATE! Your 2003 Account Statement for shows 800 un-redeemed S. I. M. points. Call 08719899230 Identifier Code: 41685 Expires 07/11/04,50,0.9765289972613569
36,37,31.64,2.5,78,118,17,4,144,11,6,1,19,0.0924,0.9433,HIGH,1,1,Counterfeit,Counterfeit,0.5992078413545446,"Urgent! call 09066350750 from your landline. Your complimentary 4* Ibiza Holiday or 10,000 cash await collection SAE T&Cs PO BOX 434 SK3 8WP 150 ppm 18+ ",85,0.9765278413545446
37,38,55.49,2.6,92,123,28,1,1293,28,8,3,8,0.092,0.9413,HIGH,1,1,Counterfeit,Counterfeit,0.5992070076476856,"Urgent! call 09066350750 from your landline. Your complimentary 4* Ibiza Holiday or 10,000 cash await collection SAE T&Cs PO BOX 434 SK3 8WP 150 ppm 18+ ",85,0.9757270076476856
38,39,54.28,2.7,95,159,16,1,390,11,10,0,5,0.092,0.9411,HIGH,1,1,Counterfeit,Counterfeit,0.5992062243408193,What do U want for Xmas? How about 100 free text messages & a new video phone with half price line rental? Call free now on 0800 0721072 to find out more!,55,0.9756462243408193
39,40,53.39,3.5,16,186,23,1,3336,180,24,4,16,0.0918,0.9402,HIGH,1,1,Counterfeit,Counterfeit,0.5992052843274972,What do U want for Xmas? How about 100 free text messages & a new video phone with half price line rental? Call free now on 0800 0721072 to find out more!,55,0.9752852843274973
40,41,54.84,2.6,59,140,16,4,4857,248,36,4,22,0.0917,0.9398,HIGH,1,1,Counterfeit,Counterfeit,0.5992042890060142,"You are being contacted by our dating service by someone you know! To find out who it is, call from a land line 09050000878. PoBox45W2TG150P",120,0.9751242890060142
41,42,47.37,2.9,50,61,30,3,2329,100,91,0,22,0.091,0.9365,HIGH,1,1,Counterfeit,Counterfeit,0.599203839587821,"You are being contacted by our dating service by someone you know! To find out who it is, call from a land line 09050000878. PoBox45W2TG150P",120,0.973803839587821
42,43,40.52,3.7,12,104,21,2,1127,5,34,2,19,0.0909,0.9361,HIGH,1,1,Counterfeit,Counterfeit,0.5992037340457157,u r a winner U ave been specially selected 2 receive å£1000 cash or a 4* holiday (flights inc) speak to a live operator 2 claim 0871277810710p/min (18 ),111,0.9736437340457158
43,44,48.21,2.6,32,165,43,2,869,60,37,0,16,0.0907,0.9351,HIGH,1,1,Counterfeit,Counterfeit,0.5992035552016527,u r a winner U ave been specially selected 2 receive å£1000 cash or a 4* holiday (flights inc) speak to a live operator 2 claim 0871277810710p/min (18 ),111,0.9732435552016527
44,45,58.99,3.1,14,107,17,1,4482,398,91,1,23,0.0907,0.935,HIGH,1,1,Counterfeit,Counterfeit,0.5992032994268222,Someonone you know is trying to contact you via our dating service! To find out who it could be call from your mobile or landline 09064015307 BOX334SK38ch ,57,0.9732032994268223
45,46,67.11,3.4,21,76,21,2,3151,5,27,2,12,0.0898,0.9305,HIGH,1,1,Counterfeit,Counterfeit,0.5992030096194323,Someonone you know is trying to contact you via our dating service! To find out who it could be call from your mobile or landline 09064015307 BOX334SK38ch ,57,0.9714030096194324
46,47,58.73,2.6,76,52,18,4,4571,376,86,1,8,0.0889,0.9263,HIGH,1,1,Counterfeit,Counterfeit,0.5992026599147381,PRIVATE! Your 2004 Account Statement for 078498****7 shows 786 unredeemed Bonus Points. To claim call 08719180219 Identifier Code: 45239 Expires 06.05.05,22,0.9697226599147382
47,48,57.5,1.6,61,92,18,3,4233,184,59,1,7,0.0875,0.9197,HIGH,1,1,Counterfeit,Counterfeit,0.5992020720635929,PRIVATE! Your 2004 Account Statement for 078498****7 shows 786 unredeemed Bonus Points. To claim call 08719180219 Identifier Code: 45239 Expires 06.05.05,22,0.9670820720635929
48,49,73.57,3.1,44,94,32,2,4312,401,38,2,19,0.0871,0.9179,HIGH,1,1,Counterfeit,Counterfeit,0.5992007163116466,I'd like to tell you my deepest darkest fantasies. Call me 09094646631 just 60p/min. To stop texts call 08712460324 (nat rate),182,0.9663607163116467
49,50,61.18,3.1,40,154,41,2,292,22,4,2,4,0.0864,0.9143,HIGH,1,1,Counterfeit,Counterfeit,0.5991994963362991,I'd like to tell you my deepest darkest fantasies. Call me 09094646631 just 60p/min. To stop texts call 08712460324 (nat rate),182,0.9649194963362991
50,51,77.75,1.8,53,81,21,1,1544,152,21,1,12,0.0863,0.9138,HIGH,1,1,Counterfeit,Counterfeit,0.5991993625737415,Fancy a shag? I do.Interested? sextextuk.com txt XXUK SUZY to 69876. Txts cost 1.50 per msg. TnCs on website. X,118,0.9647193625737416
51,52,23.22,3.9,45,163,27,1,538,32,0,1,6,0.0862,0.9136,HIGH,1,1,Counterfeit,Counterfeit,0.599199228811184,Fancy a shag? I do.Interested? sextextuk.com txt XXUK SUZY to 69876. Txts cost 1.50 per msg. TnCs on website. X,118,0.964639228811184
52,53,198.21,1.8,34,175,16,3,4122,401,97,3,15,0.0857,0.9113,HIGH,1,1,Counterfeit,Counterfeit,0.5991991137754862,Fancy a shag? I do.Interested? sextextuk.com txt XXUK SUZY to 69876. Txts cost 1.50 per msg. TnCs on website. X,118,0.9637191137754861
53,54,77.35,3.4,7,100,32,3,4324,8,45,4,6,0.0856,0.9104,HIGH,1,1,Counterfeit,Counterfeit,0.5991989990151834,You are being ripped off! Get your mobile content from www.clubmoby.com call 08717509990 poly/true/Pix/Ringtones/Games six downloads for only 3,185,0.9633589990151834
54,55,58.9,3.2,36,124,31,2,445,19,19,2,1,0.0853,0.9094,HIGH,1,1,Counterfeit,Counterfeit,0.5991989284570481,You are being ripped off! Get your mobile content from www.clubmoby.com call 08717509990 poly/true/Pix/Ringtones/Games six downloads for only 3,185,0.9629589284570481
55,56,61.3,3.0,75,79,40,3,30,2,0,0,17,0.0853,0.9091,HIGH,1,1,Counterfeit,Counterfeit,0.5991988651003897,"For ur chance to win a å£250 wkly shopping spree TXT: SHOP to 80878. T's&C's www.txt-2-shop.com custcare 08715705022, 1x150p/wk",32,0.9628388651003896
56,57,71.08,1.8,30,112,31,4,3205,281,76,0,7,0.0853,0.909,HIGH,1,1,Counterfeit,Counterfeit,0.5991985375235989,"For ur chance to win a å£250 wkly shopping spree TXT: SHOP to 80878. T's&C's www.txt-2-shop.com custcare 08715705022, 1x150p/wk",32,0.9627985375235989
57,58,67.64,1.2,89,148,26,4,2657,208,24,0,1,0.085,0.9078,HIGH,1,1,Counterfeit,Counterfeit,0.5991981143408394,A å£400 XMAS REWARD IS WAITING FOR YOU! Our computer has randomly picked you from our loyal mobile customers to receive a å£400 reward. Just call 09066380611 ,3,0.9623181143408395
58,59,26.59,3.8,58,126,41,3,3614,298,72,1,22,0.0849,0.9074,HIGH,1,1,Counterfeit,Counterfeit,0.5991979455245938,A å£400 XMAS REWARD IS WAITING FOR YOU! Our computer has randomly picked you from our loyal mobile customers to receive a å£400 reward. Just call 09066380611 ,3,0.9621579455245939
59,60,36.17,3.8,25,199,33,2,3049,45,74,4,21,0.0849,0.907,HIGH,1,1,Counterfeit,Counterfeit,0.5991979402296789,todays vodafone numbers ending with 0089(my last four digits) are selected to received a å£350 award. If your number matches please call 09063442151 to claim your å£350 award,190,0.9619979402296789
60,61,70.1,2.6,3,84,34,2,2407,208,82,3,16,0.0847,0.9062,HIGH,1,1,Counterfeit,Counterfeit,0.5991978895392867,todays vodafone numbers ending with 0089(my last four digits) are selected to received a å£350 award. If your number matches please call 09063442151 to claim your å£350 award,190,0.9616778895392867
61,62,66.44,3.6,46,124,15,2,4727,46,6,3,15,0.0842,0.904,HIGH,1,1,Counterfeit,Counterfeit,0.5991977902757337,YOU ARE CHOSEN TO RECEIVE A å£350 AWARD! Pls call claim number 09066364311 to collect your award which you are selected to receive as a valued mobile customer.,78,0.9607977902757338
62,63,38.72,4.0,64,195,36,3,989,10,31,3,22,0.0835,0.9004,HIGH,1,1,Counterfeit,Counterfeit,0.5991975917844696,YOU ARE CHOSEN TO RECEIVE A å£350 AWARD! Pls call claim number 09066364311 to collect your award which you are selected to receive as a valued mobile customer.,78,0.9593575917844697
63,64,72.19,3.1,87,155,16,4,4116,326,57,2,15,0.0832,0.899,HIGH,1,1,Counterfeit,Counterfeit,0.5991972149515086,YOU HAVE WON! As a valued Vodafone customer our computer has picked YOU to win a å£150 prize. To collect is easy. Just call 09061743386,86,0.9587972149515086
64,65,48.94,3.9,4,147,30,1,3816,323,68,4,23,0.0827,0.8968,HIGH,1,1,Counterfeit,Counterfeit,0.5991968045374346,YOU HAVE WON! As a valued Vodafone customer our computer has picked YOU to win a å£150 prize. To collect is easy. Just call 09061743386,86,0.9579168045374347
65,66,151.1,2.0,43,84,25,1,63,0,0,0,14,0.0827,0.8965,HIGH,1,1,Counterfeit,Counterfeit,0.5991962828859244,UR GOING 2 BAHAMAS! CallFREEFONE 08081560665 and speak to a live operator to claim either Bahamas cruise ofå£2000 CASH 18+only. To opt out txt X to 07786200117,96,0.9577962828859244
66,67,67.38,2.3,37,173,21,4,2919,104,15,1,3,0.0825,0.8956,HIGH,1,1,Counterfeit,Counterfeit,0.5991957767168556,UR GOING 2 BAHAMAS! CallFREEFONE 08081560665 and speak to a live operator to claim either Bahamas cruise ofå£2000 CASH 18+only. To opt out txt X to 07786200117,96,0.9574357767168556
67,68,72.3,1.5,96,142,36,2,2265,167,46,2,9,0.0824,0.8951,HIGH,1,1,Counterfeit,Counterfeit,0.5991954007410444,GENT! We are trying to contact you. Last weekends draw shows that you won a å£1000 prize GUARANTEED. Call 09064012160. Claim Code K52. Valid 12hrs only. 150ppm,179,0.9572354007410444
68,69,68.53,3.0,17,152,35,2,4868,320,50,1,1,0.0822,0.8942,HIGH,1,1,Counterfeit,Counterfeit,0.5991950247652331,GENT! We are trying to contact you. Last weekends draw shows that you won a å£1000 prize GUARANTEED. Call 09064012160. Claim Code K52. Valid 12hrs only. 150ppm,179,0.9568750247652331
69,70,72.31,2.0,27,97,41,2,2260,143,10,2,22,0.0819,0.893,HIGH,1,1,Counterfeit,Counterfeit,0.5991950174991739,GENT! We are trying to contact you. Last weekends draw shows that you won a å£1000 prize GUARANTEED. Call 09064012160. Claim Code K52. Valid 12hrs only. 150ppm,179,0.956395017499174
70,71,68.86,1.7,72,50,18,1,93,3,2,3,4,0.0818,0.8924,HIGH,1,1,Counterfeit,Counterfeit,0.5991950174983316,"U can WIN å£100 of Music Gift Vouchers every week starting NOW Txt the word DRAW to 87066 TsCs www.ldew.com SkillGame,1Winaweek, age16.150ppermessSubscription",19,0.9561550174983315
71,72,73.55,3.4,65,156,34,3,850,61,11,4,5,0.0816,0.8915,HIGH,1,1,Counterfeit,Counterfeit,0.5991949042353519,"U can WIN å£100 of Music Gift Vouchers every week starting NOW Txt the word DRAW to 87066 TsCs www.ldew.com SkillGame,1Winaweek, age16.150ppermessSubscription",19,0.955794904235352
72,73,70.84,3.0,10,180,23,1,2437,75,0,1,0,0.0812,0.8896,HIGH,1,1,Counterfeit,Counterfeit,0.5991947717754,from www.Applausestore.com MonthlySubscription@50p/msg max6/month T&CsC web age16 2stop txt stop,39,0.9550347717754
73,74,71.26,3.3,26,122,25,4,2509,85,68,0,17,0.081,0.8885,HIGH,1,1,Counterfeit,Counterfeit,0.5991941499781759,from www.Applausestore.com MonthlySubscription@50p/msg max6/month T&CsC web age16 2stop txt stop,39,0.9545941499781758
74,75,75.06,3.1,63,136,36,3,3716,275,64,3,10,0.0804,0.8858,HIGH,1,1,Counterfeit,Counterfeit,0.5991933467048773,PRIVATE! Your 2003 Account Statement for <fone no> shows 800 un-redeemed S. I. M. points. Call 08715203656 Identifier Code: 42049 Expires 26/10/04,196,0.9535133467048773
75,76,58.72,3.7,16,67,32,3,1185,90,47,2,5,0.0804,0.8856,HIGH,1,1,Counterfeit,Counterfeit,0.5991930118806666,PRIVATE! Your 2003 Account Statement for <fone no> shows 800 un-redeemed S. I. M. points. Call 08715203656 Identifier Code: 42049 Expires 26/10/04,196,0.9534330118806666
76,77,179.1,2.8,39,106,18,2,4719,26,4,4,7,0.0802,0.8847,HIGH,1,1,Counterfeit,Counterfeit,0.5991929843590578,"YOUR CHANCE TO BE ON A REALITY FANTASY SHOW call now = 08707509020 Just 20p per min NTT Ltd, PO Box 1327 Croydon CR9 5WB 0870 is a national = rate call.",68,0.9530729843590577
77,78,71.28,2.4,50,178,40,4,2881,89,15,4,11,0.0798,0.8826,HIGH,1,1,Counterfeit,Counterfeit,0.599192463749967,"YOUR CHANCE TO BE ON A REALITY FANTASY SHOW call now = 08707509020 Just 20p per min NTT Ltd, PO Box 1327 Croydon CR9 5WB 0870 is a national = rate call.",68,0.9522324637499671
78,79,96.4,2.5,49,87,33,3,2803,7,84,0,22,0.0796,0.8818,HIGH,1,1,Counterfeit,Counterfeit,0.5991914052272598,Want a new Video Phone? 750 anytime any network mins? Half price line rental free text for 3 months? Reply or call 08000930705 for free delivery,87,0.9519114052272598
79,80,50.97,4.0,49,65,22,1,4026,218,94,0,20,0.0796,0.8817,HIGH,1,1,Counterfeit,Counterfeit,0.5991902623396469,Want a new Video Phone? 750 anytime any network mins? Half price line rental free text for 3 months? Reply or call 08000930705 for free delivery,87,0.9518702623396469
80,81,61.47,3.7,84,59,20,2,4785,378,12,0,15,0.0795,0.8814,HIGH,1,1,Counterfeit,Counterfeit,0.5991889645904263,"For ur chance to win å£250 cash every wk TXT: PLAY to 83370. T's&C's www.music-trivia.net custcare 08715705022, 1x150p/wk.",7,0.9517489645904262
81,82,194.06,3.3,3,107,37,1,2811,48,59,0,16,0.0794,0.8808,HIGH,1,1,Counterfeit,Counterfeit,0.5991873282812161,"For ur chance to win å£250 cash every wk TXT: PLAY to 83370. T's&C's www.music-trivia.net custcare 08715705022, 1x150p/wk.",7,0.9515073282812161
82,83,73.51,3.6,89,129,43,3,4533,295,36,2,19,0.079,0.8787,HIGH,1,1,Counterfeit,Counterfeit,0.599184539427361,URGENT This is our 2nd attempt to contact U. Your å£900 prize from YESTERDAY is still awaiting collection. To claim CALL NOW 09061702893. ACL03530150PM,41,0.9506645394273611
83,84,122.42,1.9,51,130,34,2,4409,415,48,3,11,0.0784,0.8762,HIGH,1,1,Counterfeit,Counterfeit,0.599181979879084,URGENT This is our 2nd attempt to contact U. Your å£900 prize from YESTERDAY is still awaiting collection. To claim CALL NOW 09061702893. ACL03530150PM,41,0.949661979879084
84,85,191.42,1.1,23,177,37,2,4354,270,44,1,2,0.0783,0.8755,HIGH,1,1,Counterfeit,Counterfeit,0.5991814513230687,Ur cash-balance is currently 500 pounds - to maximize ur cash-in now send COLLECT to 83600 only 150p/msg. CC: 08718720201 PO BOX 114/14 TCR/W1,127,0.9493814513230687
85,86,92.72,2.2,16,91,43,1,1104,107,33,2,19,0.0783,0.8755,HIGH,1,1,Counterfeit,Counterfeit,0.5991809227670535,Ur cash-balance is currently 500 pounds - to maximize ur cash-in now send COLLECT to 83600 only 150p/msg. CC: 08718720201 PO BOX 114/14 TCR/W1,127,0.9493809227670535
86,87,77.55,2.3,44,157,39,4,918,12,35,0,18,0.0782,0.8752,HIGH,1,1,Counterfeit,Counterfeit,0.5991808067045454,Ur cash-balance is currently 500 pounds - to maximize ur cash-in now send COLLECT to 83600 only 150p/msg. CC: 08718720201 PO BOX 114/14 TCR/W1,127,0.9492608067045454
87,88,176.64,1.2,39,125,18,1,4878,444,94,0,2,0.0782,0.8752,HIGH,1,1,Counterfeit,Counterfeit,0.5991807008522727,"You are guaranteed the latest Nokia Phone, a 40GB iPod MP3 player or a å£500 prize! Txt word: COLLECT to No: 83355! IBHltd LdnW15H 150p/Mtmsgrcvd18+",164,0.9492607008522727
88,89,100.45,3.0,21,105,14,2,3930,364,97,0,1,0.078,0.8739,HIGH,1,1,Counterfeit,Counterfeit,0.599179659,"You are guaranteed the latest Nokia Phone, a 40GB iPod MP3 player or a å£500 prize! Txt word: COLLECT to No: 83355! IBHltd LdnW15H 150p/Mtmsgrcvd18+",164,0.9487396590000001
89,90,194.47,2.7,70,185,18,4,1233,78,52,2,16,0.0779,0.8735,HIGH,1,1,Counterfeit,Counterfeit,0.599178452284091,FREE for 1st week! No1 Nokia tone 4 ur mob every week just txt NOKIA to 8007 Get txting and tell ur mates www.getzed.co.uk POBox 36504 W45WQ norm150p/tone 16+,208,0.948578452284091
90,91,191.61,2.0,86,138,16,4,4951,340,70,4,23,0.0778,0.8731,HIGH,1,1,Counterfeit,Counterfeit,0.599177935901436,FREE for 1st week! No1 Nokia tone 4 ur mob every week just txt NOKIA to 8007 Get txting and tell ur mates www.getzed.co.uk POBox 36504 W45WQ norm150p/tone 16+,208,0.948417935901436
91,92,110.84,3.0,93,183,33,1,1179,109,35,3,18,0.0778,0.873,HIGH,1,1,Counterfeit,Counterfeit,0.5991776818454175,Customer Loyalty Offer:The NEW Nokia6650 Mobile from ONLY å£10 at TXTAUCTION! Txt word: START to No: 81151 & get yours Now! 4T&Ctxt TC 150p/MTmsg,56,0.9483776818454175
92,93,153.31,2.9,78,132,22,3,4295,370,6,3,0,0.0771,0.87,HIGH,1,1,Counterfeit,Counterfeit,0.5991769730844501,Customer Loyalty Offer:The NEW Nokia6650 Mobile from ONLY å£10 at TXTAUCTION! Txt word: START to No: 81151 & get yours Now! 4T&Ctxt TC 150p/MTmsg,56,0.9471769730844501
93,94,91.24,1.9,72,57,38,4,4698,427,4,1,14,0.0771,0.8699,HIGH,1,1,Counterfeit,Counterfeit,0.5991759599645247,WIN a å£200 Shopping spree every WEEK Starting NOW. 2 play text STORE to 88039. SkilGme. TsCs08714740323 1Winawk! age16 å£1.50perweeksub.,48,0.9471359599645247
94,95,94.97,1.5,46,179,18,1,3558,303,6,4,23,0.0771,0.8696,HIGH,1,1,Counterfeit,Counterfeit,0.5991753344287148,WIN a å£200 Shopping spree every WEEK Starting NOW. 2 play text STORE to 88039. SkilGme. TsCs08714740323 1Winawk! age16 å£1.50perweeksub.,48,0.9470153344287149
95,96,73.83,2.6,34,111,24,2,1980,88,32,2,6,0.0767,0.8681,HIGH,1,1,Counterfeit,Counterfeit,0.59917513998136,* FREE* POLYPHONIC RINGTONE Text SUPER to 87131 to get your FREE POLY TONE of the week now! 16 SN PoBox202 NR31 7ZS subscription 450pw,169,0.94641513998136
96,97,90.8,2.7,47,185,22,3,3955,54,76,4,4,0.0767,0.8679,HIGH,1,1,Counterfeit,Counterfeit,0.5991749471945519,* FREE* POLYPHONIC RINGTONE Text SUPER to 87131 to get your FREE POLY TONE of the week now! 16 SN PoBox202 NR31 7ZS subscription 450pw,169,0.9463349471945519
97,98,98.68,3.0,48,178,14,3,4742,9,65,2,7,0.0766,0.8672,HIGH,1,1,Counterfeit,Counterfeit,0.5991747575212687,"Eerie Nokia tones 4u, rply TONE TITLE to 8007 eg TONE DRACULA to 8007 Titles: GHOST, ADDAMSFA, MUNSTERS, EXORCIST, TWILIGHT www.getzed.co.uk POBox36504W45WQ 150p",181,0.9460547575212688
98,99,82.19,2.2,14,122,39,1,474,31,21,0,3,0.0764,0.8663,HIGH,1,1,Counterfeit,Counterfeit,0.5991744732559083,"Eerie Nokia tones 4u, rply TONE TITLE to 8007 eg TONE DRACULA to 8007 Titles: GHOST, ADDAMSFA, MUNSTERS, EXORCIST, TWILIGHT www.getzed.co.uk POBox36504W45WQ 150p",181,0.9456944732559083
99,100,173.5,2.4,39,55,21,1,4592,403,5,4,6,0.0764,0.8662,HIGH,1,1,Counterfeit,Counterfeit,0.5991738579182776,T-Mobile customer you may now claim your FREE CAMERA PHONE upgrade & a pay & go sim card for your loyalty. Call on 0845 021 3680.Offer ends 28thFeb.T&C's apply,119,0.9456538579182776
100,101,113.6,3.2,86,74,42,4,3569,20,28,2,22,0.0763,0.8662,HIGH,1,1,Counterfeit,Counterfeit,0.5991731538698546,T-Mobile customer you may now claim your FREE CAMERA PHONE upgrade & a pay & go sim card for your loyalty. Call on 0845 021 3680.Offer ends 28thFeb.T&C's apply,119,0.9456531538698546
101,102,60.44,3.9,87,190,29,4,50,2,0,4,3,0.076,0.8644,HIGH,1,1,Counterfeit,Counterfeit,0.5991716203755239,"Think ur smart ? Win å£200 this week in our weekly quiz, text PLAY to 85222 now!T&Cs WinnersClub PO BOX 84, M26 3UZ. 16+. GBP1.50/week",129,0.9449316203755238
102,103,151.4,3.6,16,127,27,1,3006,16,46,1,10,0.076,0.8644,HIGH,1,1,Counterfeit,Counterfeit,0.5991700868811931,"Think ur smart ? Win å£200 this week in our weekly quiz, text PLAY to 85222 now!T&Cs WinnersClub PO BOX 84, M26 3UZ. 16+. GBP1.50/week",129,0.9449300868811932
103,104,151.7,3.3,29,90,29,4,2228,192,8,3,22,0.0759,0.8643,HIGH,1,1,Counterfeit,Counterfeit,0.599169896067204,"Think ur smart ? Win å£200 this week in our weekly quiz, text PLAY to 85222 now!T&Cs WinnersClub PO BOX 84, M26 3UZ. 16+. GBP1.50/week",129,0.9448898960672041
104,105,132.44,2.1,68,196,20,2,234,3,1,3,15,0.076,0.8643,HIGH,1,1,Counterfeit,Counterfeit,0.5991697453332252,FREE>Ringtone! Reply REAL or POLY eg REAL1 1. PushButton 2. DontCha 3. BabyGoodbye 4. GoldDigger 5. WeBeBurnin 1st tone FREE and 6 more when u join for å£3/wk,82,0.9448897453332252
105,106,83.97,3.3,3,158,21,2,4224,326,15,2,23,0.0757,0.8633,HIGH,1,1,Counterfeit,Counterfeit,0.5991696150301998,FREE>Ringtone! Reply REAL or POLY eg REAL1 1. PushButton 2. DontCha 3. BabyGoodbye 4. GoldDigger 5. WeBeBurnin 1st tone FREE and 6 more when u join for å£3/wk,82,0.9444896150301998
106,107,136.15,2.6,10,69,22,4,4484,388,73,0,12,0.0757,0.8631,HIGH,1,1,Counterfeit,Counterfeit,0.5991694884631202,You are a winner U have been specially selected 2 receive å£1000 cash or a 4* holiday (flights inc) speak to a live operator 2 claim 0871277810810,42,0.9444094884631202
107,108,179.34,2.9,85,52,43,1,435,36,2,1,22,0.0756,0.8628,HIGH,1,1,Counterfeit,Counterfeit,0.5991690506993154,You are a winner U have been specially selected 2 receive å£1000 cash or a 4* holiday (flights inc) speak to a live operator 2 claim 0871277810810,42,0.9442890506993153
108,109,65.64,4.0,80,158,30,3,1232,15,18,0,13,0.0756,0.8628,HIGH,1,1,Counterfeit,Counterfeit,0.5991684917985302,This message is free. Welcome to the new & improved Sex & Dogging club! To unsubscribe from this service reply STOP. msgs@150p 18+only,141,0.9442884917985301
109,110,78.09,1.3,84,167,33,4,2554,59,60,1,11,0.0755,0.8621,HIGH,1,1,Counterfeit,Counterfeit,0.5991678221879788,This message is free. Welcome to the new & improved Sex & Dogging club! To unsubscribe from this service reply STOP. msgs@150p 18+only,141,0.9440078221879789
110,111,152.65,1.4,75,56,36,3,1351,107,54,3,11,0.0753,0.8613,HIGH,1,1,Counterfeit,Counterfeit,0.599167076970758,-PLS STOP bootydelious (32/F) is inviting you to be her friend. Reply YES-434 or NO-434 See her: www.SMS.ac/u/bootydelious STOP? Send STOP FRND to 62468,12,0.9436870769707579
111,112,191.64,1.4,68,135,20,1,3599,147,75,0,17,0.0749,0.8594,HIGH,1,1,Counterfeit,Counterfeit,0.5991665887098053,-PLS STOP bootydelious (32/F) is inviting you to be her friend. Reply YES-434 or NO-434 See her: www.SMS.ac/u/bootydelious STOP? Send STOP FRND to 62468,12,0.9429265887098054
112,113,83.13,1.3,30,168,32,4,2703,176,98,2,2,0.0749,0.8591,HIGH,1,1,Counterfeit,Counterfeit,0.5991663918425592,Ur ringtone service has changed! 25 Free credits! Go to club4mobiles.com to choose content now! Stop? txt CLUB STOP to 87070. 150p/wk Club4 PO Box1146 MK45 2WT,72,0.9428063918425591
113,114,182.05,2.2,22,65,30,2,128,9,4,1,13,0.0749,0.8591,HIGH,1,1,Counterfeit,Counterfeit,0.5991658596161018,Ur ringtone service has changed! 25 Free credits! Go to club4mobiles.com to choose content now! Stop? txt CLUB STOP to 87070. 150p/wk Club4 PO Box1146 MK45 2WT,72,0.9428058596161017
114,115,79.97,2.9,50,156,43,1,2647,64,85,1,23,0.0749,0.8591,HIGH,1,1,Counterfeit,Counterfeit,0.5991646850114374,U have a secret admirer who is looking 2 make contact with U-find out who they R*reveal who thinks UR so special-call on 09058094594,157,0.9428046850114373
115,116,87.32,3.7,61,161,36,3,1983,196,28,2,6,0.0748,0.8589,HIGH,1,1,Counterfeit,Counterfeit,0.5991635602636342,U have a secret admirer who is looking 2 make contact with U-find out who they R*reveal who thinks UR so special-call on 09058094594,157,0.9427235602636341
116,117,130.91,1.3,83,156,32,3,1809,122,7,2,18,0.0747,0.8582,HIGH,1,1,Counterfeit,Counterfeit,0.5991626150005315,URGENT This is our 2nd attempt to contact U. Your å£900 prize from YESTERDAY is still awaiting collection. To claim CALL NOW 09061702893,64,0.9424426150005315
117,118,89.03,3.4,32,64,27,3,3202,239,80,2,14,0.0745,0.8572,HIGH,1,1,Counterfeit,Counterfeit,0.5991613807540844,URGENT This is our 2nd attempt to contact U. Your å£900 prize from YESTERDAY is still awaiting collection. To claim CALL NOW 09061702893,64,0.9420413807540844
118,119,72.62,3.8,56,119,14,4,289,5,2,2,7,0.0743,0.8562,HIGH,1,1,Counterfeit,Counterfeit,0.5991572870934936,sports fans - get the latest sports news str* 2 ur mobile 1 wk FREE PLUS a FREE TONE Txt SPORT ON to 8007 www.getzed.co.uk 0870141701216+ norm 4txt/120p ,92,0.9416372870934936
119,120,105.92,3.0,99,160,38,1,2562,31,48,2,11,0.0741,0.8552,HIGH,1,1,Counterfeit,Counterfeit,0.5991531934329029,sports fans - get the latest sports news str* 2 ur mobile 1 wk FREE PLUS a FREE TONE Txt SPORT ON to 8007 www.getzed.co.uk 0870141701216+ norm 4txt/120p ,92,0.9412331934329028
120,121,89.06,2.0,28,108,22,1,3359,193,46,0,23,0.074,0.8551,HIGH,1,1,Counterfeit,Counterfeit,0.5991525867053391,sports fans - get the latest sports news str* 2 ur mobile 1 wk FREE PLUS a FREE TONE Txt SPORT ON to 8007 www.getzed.co.uk 0870141701216+ norm 4txt/120p ,92,0.9411925867053391
121,122,66.39,3.9,13,51,42,3,1618,94,27,0,2,0.0735,0.8525,HIGH,1,1,Counterfeit,Counterfeit,0.5991521020204315,goldviking (29/M) is inviting you to be his friend. Reply YES-762 or NO-762 See him: www.SMS.ac/u/goldviking STOP? Send STOP FRND to 62468,152,0.9401521020204315
122,123,124.74,2.8,16,162,25,1,1704,25,62,3,20,0.0733,0.8515,HIGH,1,1,Counterfeit,Counterfeit,0.5991500167029246,goldviking (29/M) is inviting you to be his friend. Reply YES-762 or NO-762 See him: www.SMS.ac/u/goldviking STOP? Send STOP FRND to 62468,152,0.9397500167029246
123,124,146.29,1.4,0,95,16,2,746,21,26,4,12,0.073,0.8499,HIGH,1,1,Counterfeit,Counterfeit,0.5991476278171662,"Sppok up ur mob with a Halloween collection of nokia logo&pic message plus a FREE eerie tone, txt CARD SPOOK to 8007",112,0.9391076278171663
124,125,194.21,1.5,64,142,39,3,1465,137,12,3,8,0.0729,0.8497,HIGH,1,1,Counterfeit,Counterfeit,0.5991467115747996,"Sppok up ur mob with a Halloween collection of nokia logo&pic message plus a FREE eerie tone, txt CARD SPOOK to 8007",112,0.9390267115747997
125,126,157.92,3.3,14,165,38,3,1068,104,40,4,5,0.0729,0.8494,HIGH,1,1,Counterfeit,Counterfeit,0.5991463823997311,Moby Pub Quiz.Win a å£100 High Street prize if u know who the new Duchess of Cornwall will be? Txt her first name to 82277.unsub STOP å£1.50 008704050406 SP,90,0.9389063823997311
126,127,174.14,1.1,38,134,24,3,3955,116,57,0,6,0.0726,0.8481,HIGH,1,1,Counterfeit,Counterfeit,0.5991450975295817,Moby Pub Quiz.Win a å£100 High Street prize if u know who the new Duchess of Cornwall will be? Txt her first name to 82277.unsub STOP å£1.50 008704050406 SP,90,0.9383850975295817
127,128,116.45,1.3,3,154,38,3,4762,443,73,1,23,0.0725,0.8477,HIGH,1,1,Counterfeit,Counterfeit,0.5991431468063022,"TheMob> Check out our newest selection of content, Games, Tones, Gossip, babes and sport, Keep your mobile fit and funky text WAP to 82468",61,0.9382231468063023
128,129,92.04,2.1,47,163,27,4,1712,121,8,0,16,0.0724,0.8475,HIGH,1,1,Counterfeit,Counterfeit,0.5991411588844936,"TheMob> Check out our newest selection of content, Games, Tones, Gossip, babes and sport, Keep your mobile fit and funky text WAP to 82468",61,0.9381411588844937
129,130,171.07,2.1,71,179,18,3,1487,146,71,4,0,0.0723,0.8469,HIGH,1,1,Counterfeit,Counterfeit,0.5991391279518856,Show ur colours! Euro 2004 2-4-1 Offer! Get an England Flag & 3Lions tone on ur phone! Click on the following service message for info!,95,0.9378991279518856
130,131,139.89,2.1,23,78,14,4,2263,155,17,2,0,0.0723,0.8468,HIGH,1,1,Counterfeit,Counterfeit,0.599137128959047,Show ur colours! Euro 2004 2-4-1 Offer! Get an England Flag & 3Lions tone on ur phone! Click on the following service message for info!,95,0.937857128959047
131,132,112.18,3.6,72,161,34,2,613,5,25,3,14,0.0723,0.8468,HIGH,1,1,Counterfeit,Counterfeit,0.5991351924769,Congrats! Nokia 3650 video camera phone is your Call 09066382422 Calls cost 150ppm Ave call 3mins vary from mobiles 16+ Close 300603 post BCM4284 Ldn WC1N3XX,114,0.9378551924769
132,133,101.52,2.6,12,191,18,3,211,5,9,4,5,0.0723,0.8466,HIGH,1,1,Counterfeit,Counterfeit,0.5991335467399184,Congrats! Nokia 3650 video camera phone is your Call 09066382422 Calls cost 150ppm Ave call 3mins vary from mobiles 16+ Close 300603 post BCM4284 Ldn WC1N3XX,114,0.9377735467399184
133,134,93.73,3.6,30,87,27,4,2654,244,21,2,4,0.0723,0.8466,HIGH,1,1,Counterfeit,Counterfeit,0.599132978081618,Sunshine Quiz Wkly Q! Win a top Sony DVD player if u know which country Liverpool played in mid week? Txt ansr to 82277. å£1.50 SP:Tyrone,70,0.9377729780816181
134,135,152.79,2.1,78,102,16,3,607,37,22,2,2,0.0722,0.8464,HIGH,1,1,Counterfeit,Counterfeit,0.5991314967738239,Sunshine Quiz Wkly Q! Win a top Sony DVD player if u know which country Liverpool played in mid week? Txt ansr to 82277. å£1.50 SP:Tyrone,70,0.9376914967738239
135,136,129.85,2.4,18,72,40,2,555,52,24,1,15,0.0721,0.8458,HIGH,1,1,Counterfeit,Counterfeit,0.5991204326463453,Wanna have a laugh? Try CHIT-CHAT on your mobile now! Logon by txting the word: CHAT and send it to No: 8883 CM PO Box 4217 London W1A 6ZF 16+ 118p/msg rcvd,105,0.9374404326463452
136,137,146.05,1.7,70,178,35,2,1248,40,60,0,8,0.072,0.8451,HIGH,1,1,Counterfeit,Counterfeit,0.5991093685188666,Wanna have a laugh? Try CHIT-CHAT on your mobile now! Logon by txting the word: CHAT and send it to No: 8883 CM PO Box 4217 London W1A 6ZF 16+ 118p/msg rcvd,105,0.9371493685188667
137,138,121.63,1.2,42,97,44,2,4052,83,9,4,15,0.0719,0.8451,HIGH,1,1,Counterfeit,Counterfeit,0.5991086497864411,Wanna have a laugh? Try CHIT-CHAT on your mobile now! Logon by txting the word: CHAT and send it to No: 8883 CM PO Box 4217 London W1A 6ZF 16+ 118p/msg rcvd,105,0.9371486497864411
138,139,144.21,1.0,24,101,29,1,1614,84,25,4,15,0.0718,0.8446,HIGH,1,1,Counterfeit,Counterfeit,0.599108346949294,WOW! The Boys R Back. TAKE THAT 2007 UK Tour. Win VIP Tickets & pre-book with VIP Club. Txt CLUB to 81303. Trackmarque Ltd info@vipclub4u.,80,0.9369483469492941
139,140,132.87,3.9,75,191,27,3,17,0,0,4,18,0.0718,0.8445,HIGH,1,1,Counterfeit,Counterfeit,0.5991078590688258,WOW! The Boys R Back. TAKE THAT 2007 UK Tour. Win VIP Tickets & pre-book with VIP Club. Txt CLUB to 81303. Trackmarque Ltd info@vipclub4u.,80,0.9369078590688258
140,141,168.96,3.0,80,110,39,4,884,1,7,3,10,0.0718,0.8444,HIGH,1,1,Counterfeit,Counterfeit,0.5991073348214621,500 free text msgs. Just text ok to 80488 and we'll credit your account,147,0.9368673348214621
141,142,169.41,3.2,45,130,15,2,2732,7,90,0,23,0.0717,0.8437,HIGH,1,1,Counterfeit,Counterfeit,0.5991053738523573,500 free text msgs. Just text ok to 80488 and we'll credit your account,147,0.9365853738523573
142,143,96.19,2.9,60,56,14,3,4319,246,82,3,21,0.0716,0.8436,HIGH,1,1,Counterfeit,Counterfeit,0.5991028264662155,SplashMobile: Choose from 1000s of gr8 tones each wk! This is a subscrition service with weekly tones costing 300p. U have one credit - kick back and ENJOY,25,0.9365428264662155
143,144,106.3,1.3,21,175,14,1,584,12,20,3,22,0.0716,0.8433,HIGH,1,1,Counterfeit,Counterfeit,0.5991014592631182,SplashMobile: Choose from 1000s of gr8 tones each wk! This is a subscrition service with weekly tones costing 300p. U have one credit - kick back and ENJOY,25,0.9364214592631183
144,145,126.24,1.2,15,97,31,1,1392,51,10,2,17,0.0714,0.8423,HIGH,1,1,Counterfeit,Counterfeit,0.5991009308678046,"Hottest pics straight to your phone!! See me getting Wet and Wanting, just for you xx Text PICS to 89555 now! txt costs 150p textoperator g696ga 18 XxX",124,0.9360209308678047
145,146,165.68,1.1,34,154,42,4,1621,49,73,1,7,0.0713,0.8422,HIGH,1,1,Counterfeit,Counterfeit,0.599097226813997,"Hottest pics straight to your phone!! See me getting Wet and Wanting, just for you xx Text PICS to 89555 now! txt costs 150p textoperator g696ga 18 XxX",124,0.935977226813997
146,147,127.84,1.7,10,71,35,3,571,25,7,1,16,0.0713,0.842,HIGH,1,1,Counterfeit,Counterfeit,0.5990897788259651,FreeMsg Today's the day if you are ready! I'm horny & live in your town. I love sex fun & games! Netcollex Ltd 08700621170150p per msg reply Stop to end,198,0.9358897788259651
147,148,152.44,2.7,94,185,16,3,2874,163,6,4,15,0.0712,0.8415,HIGH,1,1,Counterfeit,Counterfeit,0.5990840693170396,FreeMsg Today's the day if you are ready! I'm horny & live in your town. I love sex fun & games! Netcollex Ltd 08700621170150p per msg reply Stop to end,198,0.9356840693170396
148,149,145.73,2.6,41,61,38,2,785,27,21,3,16,0.0708,0.8396,HIGH,1,1,Counterfeit,Counterfeit,0.5990818367663271,Boltblue tones for 150p Reply POLY# or MONO# eg POLY3 1. Cha Cha Slide 2. Yeah 3. Slow Jamz 6. Toxic 8. Come With Me or STOP 4 more tones txt MORE,186,0.9349218367663271
149,150,153.72,3.0,43,92,28,2,459,21,8,2,15,0.0707,0.8393,HIGH,1,1,Counterfeit,Counterfeit,0.5990795971339284,Boltblue tones for 150p Reply POLY# or MONO# eg POLY3 1. Cha Cha Slide 2. Yeah 3. Slow Jamz 6. Toxic 8. Come With Me or STOP 4 more tones txt MORE,186,0.9347995971339285
150,151,93.13,1.1,91,154,14,4,899,61,0,0,12,0.0706,0.8388,HIGH,1,1,Counterfeit,Counterfeit,0.5990773304923083,1st wk FREE! Gr8 tones str8 2 u each wk. Txt NOKIA ON to 8007 for Classic Nokia tones or HIT ON to 8007 for Polys. Nokia/150p Poly/200p 16+,10,0.9345973304923083
151,152,87.09,1.1,28,183,29,1,2986,131,43,1,11,0.0706,0.8386,HIGH,1,1,Counterfeit,Counterfeit,0.5990721216198022,1st wk FREE! Gr8 tones str8 2 u each wk. Txt NOKIA ON to 8007 for Classic Nokia tones or HIT ON to 8007 for Polys. Nokia/150p Poly/200p 16+,10,0.9345121216198022
152,153,189.14,2.8,85,115,23,1,4901,27,43,3,10,0.0705,0.838,HIGH,1,1,Counterfeit,Counterfeit,0.5990340289903352,Mobile Club: Choose any of the top quality items for your mobile. 7cfca1a,201,0.9342340289903353
153,154,142.31,2.2,19,113,35,4,2088,74,86,0,15,0.0704,0.8377,HIGH,1,1,Counterfeit,Counterfeit,0.5989959363608682,Mobile Club: Choose any of the top quality items for your mobile. 7cfca1a,201,0.9340759363608683
154,155,164.09,1.2,59,60,37,1,613,35,20,1,11,0.0703,0.8371,HIGH,1,1,Counterfeit,Counterfeit,0.5989910943953716,Mobile Club: Choose any of the top quality items for your mobile. 7cfca1a,201,0.9338310943953716
155,156,107.77,3.1,43,104,36,1,818,43,30,3,14,0.0702,0.8366,HIGH,1,1,Counterfeit,Counterfeit,0.5989877638236917,"FREE2DAY sexy St George's Day pic of Jordan!Txt PIC to 89080 dont miss out, then every wk a saucy celeb!4 more pics c PocketBabe.co.uk 0870241182716 å£3/wk",187,0.9336277638236917
156,157,112.18,1.2,89,179,23,2,366,22,0,3,1,0.0702,0.8365,HIGH,1,1,Counterfeit,Counterfeit,0.5989666293622937,"FREE2DAY sexy St George's Day pic of Jordan!Txt PIC to 89080 dont miss out, then every wk a saucy celeb!4 more pics c PocketBabe.co.uk 0870241182716 å£3/wk",187,0.9335666293622937
157,158,191.31,3.8,97,66,41,2,171,10,2,2,0,0.0699,0.8355,HIGH,1,1,Counterfeit,Counterfeit,0.5989418720163602,"To review and KEEP the fantastic Nokia N-Gage game deck with Club Nokia, go 2 www.cnupdates.com/newsletter. unsubscribe from alerts reply with the word OUT",168,0.9331418720163602
158,159,140.64,2.0,32,86,20,3,2702,124,52,1,17,0.0698,0.835,HIGH,1,1,Counterfeit,Counterfeit,0.5989044340567184,"To review and KEEP the fantastic Nokia N-Gage game deck with Club Nokia, go 2 www.cnupdates.com/newsletter. unsubscribe from alerts reply with the word OUT",168,0.9329044340567185
159,160,135.8,2.6,76,82,19,4,2149,96,58,2,15,0.0698,0.8349,HIGH,1,1,Counterfeit,Counterfeit,0.5988616980324452,Guess what! Somebody you know secretly fancies you! Wanna find out who it is? Give us a call on 09065394973 from Landline DATEBox1282EssexCM61XN 150p/min 18,143,0.9328216980324452
160,161,106.38,1.9,0,65,18,1,932,28,15,4,10,0.0698,0.8348,HIGH,1,1,Counterfeit,Counterfeit,0.5988109754799383,Guess what! Somebody you know secretly fancies you! Wanna find out who it is? Give us a call on 09065394973 from Landline DATEBox1282EssexCM61XN 150p/min 18,143,0.9327309754799383
161,162,198.09,3.6,49,123,30,4,1694,160,43,0,16,0.0697,0.8344,HIGH,1,1,Counterfeit,Counterfeit,0.5987544626944621,Call Germany for only 1 pence per minute! Call from a fixed line via access number 0844 861 85 85. No prepayment. Direct access!,155,0.9325144626944621
162,163,151.93,1.6,52,59,42,3,4427,171,27,2,13,0.0696,0.8337,HIGH,1,1,Counterfeit,Counterfeit,0.5987150214125374,Call Germany for only 1 pence per minute! Call from a fixed line via access number 0844 861 85 85. No prepayment. Direct access!,155,0.9321950214125374
163,164,102.05,1.5,58,97,16,4,3400,173,44,0,17,0.0695,0.8334,HIGH,1,1,Counterfeit,Counterfeit,0.5986961022572228,"XXXMobileMovieClub: To use your credit, click the WAP link in the next txt message or click here>> http://wap. xxxmobilemovieclub.com?n=QJKGIGHJJGCBL",162,0.9320561022572229
164,165,126.92,2.2,43,140,34,4,4310,380,72,3,11,0.0691,0.8314,HIGH,1,1,Counterfeit,Counterfeit,0.5986752828074311,"XXXMobileMovieClub: To use your credit, click the WAP link in the next txt message or click here>> http://wap. xxxmobilemovieclub.com?n=QJKGIGHJJGCBL",162,0.9312352828074311
165,166,181.87,2.0,46,92,40,1,230,20,5,1,5,0.0689,0.8305,HIGH,1,1,Counterfeit,Counterfeit,0.5986505789321644,Thanks for the Vote. Now sing along with the stars with Karaoke on your mobile. For a FREE link just reply with SING now.,37,0.9308505789321645
166,167,100.49,1.3,33,148,24,3,1151,51,51,3,1,0.0688,0.83,HIGH,1,1,Counterfeit,Counterfeit,0.5986253799348696,Thanks for the Vote. Now sing along with the stars with Karaoke on your mobile. For a FREE link just reply with SING now.,37,0.9306253799348696
167,168,118.94,3.9,69,115,35,3,1724,4,46,3,3,0.0686,0.8291,HIGH,1,1,Counterfeit,Counterfeit,0.5985982358153217,You will recieve your tone within the next 24hrs. For Terms and conditions please see Channel U Teletext Pg 750,99,0.9302382358153216
168,169,162.89,3.1,8,185,22,2,4880,209,20,4,6,0.0686,0.829,HIGH,1,1,Counterfeit,Counterfeit,0.5985665616156248,You will recieve your tone within the next 24hrs. For Terms and conditions please see Channel U Teletext Pg 750,99,0.9301665616156248
169,170,171.59,3.1,93,51,26,3,851,76,41,1,15,0.0682,0.8274,HIGH,1,1,Counterfeit,Counterfeit,0.5984808095841508,Win a å£1000 cash prize or a prize worth å£5000,2,0.9294408095841509
170,171,160.86,2.9,67,188,18,2,1747,73,84,0,15,0.0681,0.8269,HIGH,1,1,Counterfeit,Counterfeit,0.5983950575526769,Win a å£1000 cash prize or a prize worth å£5000,2,0.9291550575526768
171,172,107.45,2.6,94,165,24,2,1166,83,47,2,15,0.0677,0.8249,HIGH,1,1,Counterfeit,Counterfeit,0.5976408540205348,Win a å£1000 cash prize or a prize worth å£5000,2,0.9276008540205348
172,173,100.31,2.3,22,136,34,3,4897,301,7,4,2,0.0677,0.8247,HIGH,1,1,Counterfeit,Counterfeit,0.5968527189401355,"Hi, the SEXYCHAT girls are waiting for you to text them. Text now for a great night chatting. send STOP to stop this service",177,0.9267327189401355
173,174,185.2,1.2,46,52,28,2,403,33,13,2,9,0.0676,0.8241,HIGH,1,1,Counterfeit,Counterfeit,0.5966390125580142,"Hi, the SEXYCHAT girls are waiting for you to text them. Text now for a great night chatting. send STOP to stop this service",177,0.9262790125580143
174,175,98.71,1.9,21,92,15,2,3089,160,32,3,17,0.0672,0.8224,HIGH,1,1,Counterfeit,Counterfeit,0.5965462385334251,"URGENT, IMPORTANT INFORMATION FOR O2 USER. TODAY IS YOUR LUCKY DAY! 2 FIND OUT WHY LOG ONTO HTTP://WWW.URAWINNER.COM THERE IS A FANTASTIC SURPRISE AWAITING FOR YOU",115,0.9255062385334252
175,176,123.92,3.9,70,119,28,3,1888,9,46,3,11,0.0672,0.8222,HIGH,1,1,Counterfeit,Counterfeit,0.5959731392996543,"URGENT, IMPORTANT INFORMATION FOR O2 USER. TODAY IS YOUR LUCKY DAY! 2 FIND OUT WHY LOG ONTO HTTP://WWW.URAWINNER.COM THERE IS A FANTASTIC SURPRISE AWAITING FOR YOU",115,0.9248531392996544
176,177,178.26,2.9,99,166,36,3,2430,196,35,4,21,0.0667,0.8199,HIGH,1,1,Counterfeit,Counterfeit,0.5951946596316128,"Hi babe its Chloe, how r u? I was smashed on saturday night, it was great! How was your weekend? U been missing me? SP visionsms.com Text stop to stop 150p/text",1,0.9231546596316128
177,178,116.88,1.2,8,156,17,1,1847,137,73,2,19,0.0659,0.8162,HIGH,1,1,Counterfeit,Counterfeit,0.5939008929723522,"Hi babe its Chloe, how r u? I was smashed on saturday night, it was great! How was your weekend? U been missing me? SP visionsms.com Text stop to stop 150p/text",1,0.9203808929723523
178,179,178.31,3.4,58,131,19,1,2355,22,85,0,21,0.0659,0.816,HIGH,1,1,Counterfeit,Counterfeit,0.5922260737481565,important information 4 orange user 0789xxxxxxx. today is your lucky day!2find out why log onto http://www.urawinner.com THERE'S A FANTASTIC SURPRISE AWAITING YOU!,30,0.9186260737481565
179,180,79.99,3.9,3,176,32,2,2151,59,99,0,0,0.0654,0.8137,HIGH,1,1,Counterfeit,Counterfeit,0.5902219557926381,important information 4 orange user 0789xxxxxxx. today is your lucky day!2find out why log onto http://www.urawinner.com THERE'S A FANTASTIC SURPRISE AWAITING YOU!,30,0.9157019557926381
180,181,113.71,1.9,87,155,22,4,3517,96,24,3,4,0.0653,0.8134,HIGH,1,1,Counterfeit,Counterfeit,0.5878141813277566,"Win the newest ÛÏHarry Potter and the Order of the Phoenix (Book 5) reply HARRY, answer 5 questions - chance to be the first among readers!",89,0.9131741813277567
181,182,108.69,3.3,85,59,35,2,1303,45,60,3,12,0.0653,0.8133,HIGH,1,1,Counterfeit,Counterfeit,0.5857179639815234,"Win the newest ÛÏHarry Potter and the Order of the Phoenix (Book 5) reply HARRY, answer 5 questions - chance to be the first among readers!",89,0.9110379639815235
182,183,143.5,2.2,31,144,28,3,4340,326,37,3,3,0.0653,0.8132,HIGH,1,1,Counterfeit,Counterfeit,0.5842727615100781,"Hi babe its Jordan, how r u? Im home from abroad and lonely, text me back if u wanna chat xxSP visionsms.com Text stop to stopCost 150p 08712400603",150,0.9095527615100781
183,184,128.46,2.8,48,130,35,4,4214,278,45,2,14,0.0652,0.8129,HIGH,1,1,Counterfeit,Counterfeit,0.582480556367217,"Hi babe its Jordan, how r u? Im home from abroad and lonely, text me back if u wanna chat xxSP visionsms.com Text stop to stopCost 150p 08712400603",150,0.907640556367217
184,185,187.77,3.4,83,161,43,1,4983,337,65,2,15,0.0651,0.8125,HIGH,1,1,Counterfeit,Counterfeit,0.5792834135791117,"Got what it takes 2 take part in the WRC Rally in Oz? U can with Lucozade Energy! Text RALLY LE to 61200 (25p), see packs or lucozade.co.uk/wrc & itcould be u!",62,0.9042834135791118
185,186,115.5,3.4,25,79,39,3,4955,257,77,3,6,0.0651,0.8124,HIGH,1,1,Counterfeit,Counterfeit,0.5758657555097363,"Got what it takes 2 take part in the WRC Rally in Oz? U can with Lucozade Energy! Text RALLY LE to 61200 (25p), see packs or lucozade.co.uk/wrc & itcould be u!",62,0.9008257555097363
186,187,132.69,1.5,40,145,17,2,2960,61,83,3,2,0.0646,0.8099,HIGH,1,1,Counterfeit,Counterfeit,0.5696255018401037,Am new 2 club & dont fink we met yet Will B gr8 2 C U Please leave msg 2day wiv ur area 09099726553 reply promised CARLIE x Callså£1/minMobsmore LKPOBOX177HP51FL,166,0.8935855018401038
187,188,141.69,3.2,69,106,26,4,4862,322,78,2,1,0.0644,0.8088,HIGH,1,1,Counterfeit,Counterfeit,0.5633852481704711,Am new 2 club & dont fink we met yet Will B gr8 2 C U Please leave msg 2day wiv ur area 09099726553 reply promised CARLIE x Callså£1/minMobsmore LKPOBOX177HP51FL,166,0.8869052481704711
188,189,184.51,2.7,6,61,15,2,599,9,8,1,19,0.0642,0.808,HIGH,1,1,Counterfeit,Counterfeit,0.5599736284652853,Am new 2 club & dont fink we met yet Will B gr8 2 C U Please leave msg 2day wiv ur area 09099726553 reply promised CARLIE x Callså£1/minMobsmore LKPOBOX177HP51FL,166,0.8831736284652854
189,190,187.99,3.4,14,130,15,1,3341,204,67,2,8,0.0641,0.8074,HIGH,1,1,Counterfeit,Counterfeit,0.5567207586254513,You have 1 new message. Call 0207-083-6089,197,0.8796807586254514
190,191,129.41,1.1,91,170,44,1,3785,191,49,0,12,0.0641,0.8073,HIGH,1,1,Counterfeit,Counterfeit,0.5556927878324138,You have 1 new message. Call 0207-083-6089,197,0.8786127878324139
191,192,99.55,3.9,7,188,18,2,1747,136,10,3,11,0.0641,0.8073,HIGH,1,1,Counterfeit,Counterfeit,0.5551490597730908,"Download as many ringtones as u like no restrictions, 1000s 2 choose. U can even send 2 yr buddys. Txt Sir to 80082 å£3 ",170,0.8780690597730909
192,193,140.96,1.9,7,183,42,3,3167,212,64,0,9,0.064,0.8069,HIGH,1,1,Counterfeit,Counterfeit,0.5523609461095483,"Download as many ringtones as u like no restrictions, 1000s 2 choose. U can even send 2 yr buddys. Txt Sir to 80082 å£3 ",170,0.8751209461095484
193,194,148.64,2.2,5,57,33,3,395,10,18,3,2,0.0639,0.8067,HIGH,1,1,Counterfeit,Counterfeit,0.5485909137441598,You have 1 new message. Please call 08715205273,149,0.8712709137441599
194,195,141.6,2.8,63,110,39,2,1293,30,26,1,4,0.0638,0.806,HIGH,1,1,Counterfeit,Counterfeit,0.5465958043369188,You have 1 new message. Please call 08715205273,149,0.8689958043369188
195,196,119.1,3.9,97,113,17,3,4971,400,33,2,3,0.0638,0.8059,HIGH,1,1,Counterfeit,Counterfeit,0.5459394080082804,"Congrats! 1 year special cinema pass for 2 is yours. call 09061209465 now! C Suprman V, Matrix3, StarWars3, etc all 4 FREE! bx420-ip4-5we. 150pm. Dont miss out!",193,0.8682994080082804
196,197,133.86,3.6,95,101,29,1,204,2,0,4,13,0.0638,0.8059,HIGH,1,1,Counterfeit,Counterfeit,0.5423266126170142,"Congrats! 1 year special cinema pass for 2 is yours. call 09061209465 now! C Suprman V, Matrix3, StarWars3, etc all 4 FREE! bx420-ip4-5we. 150pm. Dont miss out!",193,0.8646866126170142
197,198,156.46,1.7,83,58,36,2,4281,71,90,1,22,0.0636,0.805,HIGH,1,1,Counterfeit,Counterfeit,0.5350183183974628,Your opinion about me? 1. Over 2. Jada 3. Kusruthi 4. Lovable 5. Silent 6. Spl character 7. Not matured 8. Stylish 9. Simple Pls reply..,173,0.8570183183974629
198,199,166.79,3.0,97,198,15,4,4233,95,91,4,13,0.0636,0.805,HIGH,1,1,Counterfeit,Counterfeit,0.5283549273074027,Your opinion about me? 1. Over 2. Jada 3. Kusruthi 4. Lovable 5. Silent 6. Spl character 7. Not matured 8. Stylish 9. Simple Pls reply..,173,0.8503549273074028
199,200,155.51,3.1,49,179,38,1,1139,69,2,1,2,0.0635,0.8048,HIGH,1,1,Counterfeit,Counterfeit,0.5230692838121643,Wewa is 130. Iriver 255. All 128 mb.,88,0.8449892838121643
200,201,136.23,2.5,88,129,24,4,1016,68,2,1,17,0.0634,0.8043,HIGH,1,1,Counterfeit,Counterfeit,0.514109294973577,Wewa is 130. Iriver 255. All 128 mb.,88,0.835829294973577
201,202,117.81,1.9,87,117,36,3,2275,107,50,2,19,0.0634,0.8043,HIGH,1,1,Counterfeit,Counterfeit,0.4898089143265084,Back 2 work 2morro half term over! Can U C me 2nite 4 some sexy passion B4 I have 2 go back? Chat NOW 09099726481 Luv DENA Calls å£1/minMobsmoreLKPOBOX177HP51FL,36,0.8115289143265084
202,203,144.82,1.7,9,68,27,3,4977,138,46,1,0,0.0632,0.803,HIGH,1,1,Counterfeit,Counterfeit,0.46657342194744483,Back 2 work 2morro half term over! Can U C me 2nite 4 some sexy passion B4 I have 2 go back? Chat NOW 09099726481 Luv DENA Calls å£1/minMobsmoreLKPOBOX177HP51FL,36,0.7877734219474448
203,204,183.1,3.5,80,191,23,3,3861,181,23,4,10,0.0629,0.8016,HIGH,1,1,Counterfeit,Counterfeit,0.4580181749773085,Sorry I missed your call let's talk when you have the time. I'm on 07090201529,58,0.7786581749773085
204,205,129.18,2.4,95,88,24,1,1163,36,36,2,1,0.0628,0.8014,HIGH,1,1,Counterfeit,Counterfeit,0.4494629280071722,Sorry I missed your call let's talk when you have the time. I'm on 07090201529,58,0.7700229280071722
205,206,95.56,3.9,11,50,21,4,4392,129,58,0,3,0.0628,0.8012,HIGH,1,1,Counterfeit,Counterfeit,0.38584593095141806,Sorry I missed your call let's talk when you have the time. I'm on 07090201529,58,0.706325930951418
206,207,186.64,3.2,43,198,28,3,4769,130,0,4,21,0.0628,0.8011,HIGH,1,1,Counterfeit,Counterfeit,0.3188405185057772,thesmszone.com lets you send free anonymous and masked messages..im sending this message from there..do you see the potential for abuse???,156,0.6392805185057773
207,208,184.53,1.5,82,119,26,3,1581,45,5,3,7,0.0626,0.8004,HIGH,1,1,Counterfeit,Counterfeit,0.3006009172229275,thesmszone.com lets you send free anonymous and masked messages..im sending this message from there..do you see the potential for abuse???,156,0.6207609172229275
208,209,90.3,4.0,29,82,23,1,164,6,0,4,11,0.0623,0.7987,HIGH,1,1,Counterfeit,Counterfeit,0.29332640957431316,"7 wonders in My WORLD 7th You 6th Ur style 5th Ur smile 4th Ur Personality 3rd Ur Nature 2nd Ur SMS and 1st \Ur Lovely Friendship\""... good morning dear""",60,0.6128064095743131
209,210,144.77,1.8,58,96,20,1,2649,129,12,4,15,0.0622,0.7984,HIGH,1,1,Counterfeit,Counterfeit,0.2854328465006678,"7 wonders in My WORLD 7th You 6th Ur style 5th Ur smile 4th Ur Personality 3rd Ur Nature 2nd Ur SMS and 1st \Ur Lovely Friendship\""... good morning dear""",60,0.6047928465006678
210,211,149.09,2.2,7,182,36,1,2826,135,10,1,19,0.0621,0.7977,HIGH,1,1,Counterfeit,Counterfeit,0.2772622236563791,This message is brought to you by GMW Ltd. and is not connected to the,175,0.5963422236563791
211,212,174.28,3.3,90,138,27,4,1337,68,61,3,1,0.0616,0.7956,HIGH,1,1,Counterfeit,Counterfeit,0.2377710961564608,This message is brought to you by GMW Ltd. and is not connected to the,175,0.5560110961564608
212,213,145.68,3.2,68,137,21,1,1813,74,2,3,4,0.0616,0.7955,HIGH,1,1,Counterfeit,Counterfeit,0.1741872727675968,"8 at the latest, g's still there if you can scrounge up some ammo and want to give the new ak a try",148,0.49238727276759686
213,214,167.75,2.3,23,109,32,2,4201,175,38,1,14,0.0613,0.7942,HIGH,1,1,Counterfeit,Counterfeit,0.13630848449675864,"8 at the latest, g's still there if you can scrounge up some ammo and want to give the new ak a try",148,0.45398848449675866
214,215,139.16,1.8,88,159,29,4,4361,149,7,0,12,0.0611,0.7933,HIGH,1,1,Counterfeit,Counterfeit,0.13119655417856957,Then get some cash together and I'll text jason,23,0.4485165541785696
215,216,90.92,3.9,40,125,32,4,1004,47,17,0,11,0.0608,0.7916,HIGH,1,1,Counterfeit,Counterfeit,0.12518786907888904,Then get some cash together and I'll text jason,23,0.44182786907888905
216,217,171.94,3.2,65,93,15,3,3555,155,89,0,2,0.06,0.7881,HIGH,1,1,Counterfeit,Counterfeit,0.11722011968733555,No pic. Please re-send.,15,0.43246011968733555
217,218,163.71,3.8,23,105,27,2,1592,22,75,2,18,0.0593,0.7845,HIGH,1,1,Counterfeit,Counterfeit,0.11005339891727915,No pic. Please re-send.,15,0.4238533989172792
218,219,119.78,4.0,35,78,34,4,3751,59,10,4,19,0.0559,0.7683,HIGH,1,1,Counterfeit,Counterfeit,0.10633726297828698,S.this will increase the chance of winning.,130,0.41365726297828703
219,220,172.43,3.9,74,52,27,4,4731,158,32,0,11,0.0509,0.7443,MEDIUM,1,1,Counterfeit,Counterfeit,0.10261997547418347,S.this will increase the chance of winning.,130,0.40033997547418343
220,221,68.9,4.9,8230,252,2,1,207,6,2,3,0,0.0223,0.6069,MEDIUM,1,0,Counterfeit,Legitimate,0.09888550307534144,Filthy stories and GIRLS waiting for your,204,0.3416455030753415
221,222,460.43,3.8,5562,251,2,1,10,0,0,1,6,0.0219,0.6051,MEDIUM,1,0,Counterfeit,Legitimate,0.09515103067649941,Filthy stories and GIRLS waiting for your,204,0.3371910306764994
222,223,492.81,3.6,2017,303,12,0,966,16,32,3,16,0.0182,0.5873,MEDIUM,1,0,Counterfeit,Legitimate,0.0946756798973824,Filthy stories and GIRLS waiting for your,204,0.3295956798973824
223,224,53.33,4.7,9018,880,1,1,3364,87,2,3,11,0.0171,0.582,MEDIUM,1,0,Counterfeit,Legitimate,0.09441872386597895,Now am free call me pa.,109,0.32721872386597894
224,225,494.84,3.6,8272,879,6,1,1723,10,22,1,13,0.0158,0.5757,MEDIUM,1,0,Counterfeit,Legitimate,0.08686307582716715,Now am free call me pa.,109,0.31714307582716716
225,226,407.27,3.7,6004,801,13,0,599,44,5,2,13,0.0132,0.5634,MEDIUM,1,0,Counterfeit,Legitimate,0.07761308857234944,Nutter. Cutter. Ctter. Cttergg. Cttargg. Ctargg. Ctagg. ie you,172,0.30297308857234945
226,227,485.59,3.6,4958,600,7,0,2132,178,37,3,1,0.0108,0.552,MEDIUM,1,0,Counterfeit,Legitimate,0.07388756922827479,Nutter. Cutter. Ctter. Cttergg. Cttargg. Ctargg. Ctagg. ie you,172,0.2946875692282748
227,228,54.92,4.7,2480,214,9,1,1666,124,19,3,9,0.009,0.5431,MEDIUM,1,0,Counterfeit,Legitimate,0.07269085561799071,"Not for possession, especially not first offense",46,0.2899308556179907
228,229,84.61,3.7,620,854,10,0,1833,79,44,4,9,0.0072,0.5345,MEDIUM,1,0,Counterfeit,Legitimate,0.07212082693320954,"Not for possession, especially not first offense",46,0.2859208269332095
229,230,456.68,4.6,2490,308,1,0,4810,70,12,4,16,0.0071,0.534,MEDIUM,1,0,Counterfeit,Legitimate,0.07204242176757289,Wait 2 min..stand at bus stop,28,0.28564242176757293
230,231,87.87,3.7,2157,340,10,1,2777,260,68,1,13,0.0063,0.5303,MEDIUM,1,0,Counterfeit,Legitimate,0.07198718011286041,Wait 2 min..stand at bus stop,28,0.2841071801128604
231,232,493.06,4.5,8995,602,3,1,4238,322,10,0,3,0.0053,0.5256,MEDIUM,1,0,Counterfeit,Legitimate,0.07196205102234933,Convey my regards to him,136,0.2822020510223493
232,233,424.08,3.7,762,245,4,1,1278,62,9,0,4,-0.0001,0.4997,LOW,0,0,Legitimate,Legitimate,0.07191802164847935,Convey my regards to him,136,0.2717980216484793
233,234,60.69,4.3,8705,886,6,0,2573,49,13,4,4,-0.0008,0.4964,LOW,0,0,Legitimate,Legitimate,0.07183176195397935,"It's wylie, you in tampa or sarasota?",20,0.27039176195397935
234,235,475.35,3.6,5440,989,11,1,2829,207,34,3,6,-0.0027,0.487,LOW,0,0,Legitimate,Legitimate,0.07174543483884298,"It's wylie, you in tampa or sarasota?",20,0.26654543483884297
235,236,298.79,4.9,6919,221,1,0,386,2,11,3,10,-0.0028,0.4865,LOW,0,0,Legitimate,Legitimate,0.07165880787929753,How is it possible to teach you. And where.,67,0.2662588078792975
236,237,173.6,4.8,127,316,1,1,3119,196,12,4,8,-0.0032,0.4848,LOW,0,0,Legitimate,Legitimate,0.07133846934893444,How is it possible to teach you. And where.,67,0.26525846934893443
237,238,159.6,4.7,7596,979,2,0,2971,292,6,3,12,-0.0035,0.4834,LOW,0,0,Legitimate,Legitimate,0.06722031779278521,How is it possible to teach you. And where.,67,0.26058031779278523
238,239,496.72,3.7,5633,969,3,0,4882,150,71,0,15,-0.0038,0.482,LOW,0,0,Legitimate,Legitimate,0.063102166236636,I place all ur points on e cultures module already.,5,0.255902166236636
239,240,66.01,3.7,7752,661,10,1,3505,244,92,2,0,-0.0046,0.4781,LOW,0,0,Legitimate,Legitimate,0.058757235411134694,I place all ur points on e cultures module already.,5,0.24999723541113472
240,241,56.48,3.7,5288,293,4,0,2489,84,38,3,0,-0.0057,0.4726,LOW,0,0,Legitimate,Legitimate,0.054395854275939445,"What do u reckon as need 2 arrange transport if u can't do it, thanks",104,0.24343585427593945
241,242,457.08,3.8,5807,894,2,0,1857,17,29,1,18,-0.0063,0.4701,LOW,0,0,Legitimate,Legitimate,0.05285858108827551,"What do u reckon as need 2 arrange transport if u can't do it, thanks",104,0.24089858108827553
242,243,427.48,4.8,2923,828,7,1,4476,446,84,3,7,-0.0079,0.4623,LOW,0,0,Legitimate,Legitimate,0.05199774094193645,Yes there were many sweets,69,0.23691774094193646
243,244,441.9,3.5,8731,510,8,1,3753,6,12,2,15,-0.0086,0.4588,LOW,0,0,Legitimate,Legitimate,0.05114910156906573,Yes there were many sweets,69,0.23466910156906573
244,245,57.26,4.1,1408,586,4,1,3943,287,41,1,18,-0.0087,0.4582,LOW,0,0,Legitimate,Legitimate,0.05030617319654191,Minimum walk is 3miles a day.,27,0.2335861731965419
245,246,143.65,4.6,1394,978,1,0,1332,68,12,1,10,-0.0092,0.456,LOW,0,0,Legitimate,Legitimate,0.04896566525649497,Minimum walk is 3miles a day.,27,0.231365665256495
246,247,82.15,3.8,5681,653,1,0,4203,77,26,4,7,-0.0112,0.4465,LOW,0,0,Legitimate,Legitimate,0.04722709366242956,K:)k:)what are detail you want to transfer?acc no enough?,184,0.22582709366242956
247,248,395.79,4.8,355,760,1,0,1870,14,46,2,18,-0.0113,0.4459,LOW,0,0,Legitimate,Legitimate,0.04597680426277676,K:)k:)what are detail you want to transfer?acc no enough?,184,0.22433680426277677
248,249,302.75,3.5,2259,909,6,0,3935,161,83,4,12,-0.0114,0.4454,LOW,0,0,Legitimate,Legitimate,0.04537390024448,"Nah it's straight, if you can just bring bud or drinks or something that's actually a little more useful than straight cash",137,0.22353390024448
249,250,76.81,4.6,413,839,4,0,833,67,23,3,12,-0.0118,0.4437,LOW,0,0,Legitimate,Legitimate,0.044130386643334574,"Nah it's straight, if you can just bring bud or drinks or something that's actually a little more useful than straight cash",137,0.22161038664333457
250,251,234.15,3.9,335,591,13,0,275,22,9,4,10,-0.0122,0.4416,LOW,0,0,Legitimate,Legitimate,0.04142262256710645,WHEN THE FIRST STRIKE IS A RED ONE. THE BIRD + ANTELOPE BEGIN TOPLAY IN THE FIELDOF SELFINDEPENDENCE BELIEVE THIS + THE FLOWER OF CONTENTION WILL GROW.RANDOM!,176,0.21806262256710646
251,252,465.88,4.8,1873,881,11,0,4605,55,91,1,12,-0.0122,0.4416,LOW,0,0,Legitimate,Legitimate,0.03864229727644105,WHEN THE FIRST STRIKE IS A RED ONE. THE BIRD + ANTELOPE BEGIN TOPLAY IN THE FIELDOF SELFINDEPENDENCE BELIEVE THIS + THE FLOWER OF CONTENTION WILL GROW.RANDOM!,176,0.21528229727644108
252,253,386.65,3.8,5951,947,13,0,3515,290,75,4,22,-0.0141,0.4324,LOW,0,0,Legitimate,Legitimate,0.03552858262214478,I accidentally brought em home in the box,174,0.20848858262214479
253,254,91.06,4.1,905,528,1,1,93,6,3,0,9,-0.0153,0.4268,LOW,0,0,Legitimate,Legitimate,0.032337838082238,I accidentally brought em home in the box,174,0.203057838082238
254,255,65.52,3.7,7350,705,13,1,2686,96,43,1,23,-0.0154,0.4263,LOW,0,0,Legitimate,Legitimate,0.02777456103508813,I accidentally brought em home in the box,174,0.19829456103508813
255,256,376.79,4.8,6312,741,9,1,2350,206,76,4,12,-0.0163,0.4217,LOW,0,0,Legitimate,Legitimate,0.023211283987938258,Que pases un buen tiempo or something like that,195,0.19189128398793828
256,257,72.98,3.5,7369,481,5,0,3445,210,26,1,11,-0.0164,0.4213,LOW,0,0,Legitimate,Legitimate,0.022471190178872086,Que pases un buen tiempo or something like that,195,0.1909911901788721
257,258,287.37,4.8,346,906,2,0,4340,129,75,4,8,-0.0169,0.4192,LOW,0,0,Legitimate,Legitimate,0.02202978256028118,Y de asking like this.,107,0.1897097825602812
258,259,66.87,4.5,7681,479,4,1,2556,177,46,2,14,-0.0169,0.419,LOW,0,0,Legitimate,Legitimate,0.021770635833028962,Y de asking like this.,107,0.18937063583302896
259,260,267.19,3.8,364,497,4,0,2777,128,69,2,0,-0.017,0.4186,LOW,0,0,Legitimate,Legitimate,0.02155650535002305,I am on the way to tirupur.,77,0.18899650535002308
260,261,58.64,4.5,3910,474,7,0,581,55,7,0,15,-0.0171,0.4181,LOW,0,0,Legitimate,Legitimate,0.021168301084912116,I am on the way to tirupur.,77,0.18840830108491213
261,262,110.13,3.7,1297,489,10,1,36,1,0,4,3,-0.0175,0.416,LOW,0,0,Legitimate,Legitimate,0.020696790081222338,"Pete,is this your phone still? Its Jenny from college and Leanne.what are you up to now?:)",153,0.18709679008122232
262,263,450.84,4.8,1350,540,7,0,1206,114,10,0,18,-0.0179,0.4142,LOW,0,0,Legitimate,Legitimate,0.019909322157767157,"Pete,is this your phone still? Its Jenny from college and Leanne.what are you up to now?:)",153,0.1855893221577672
263,264,52.24,3.9,5318,935,12,1,1112,56,42,3,12,-0.0186,0.411,LOW,0,0,Legitimate,Legitimate,0.01886409990502968,When you came to hostel.,73,0.18326409990502968
264,265,92.67,4.0,9243,571,9,1,235,3,5,2,2,-0.0193,0.4075,LOW,0,0,Legitimate,Legitimate,0.018262298459277227,When you came to hostel.,73,0.18126229845927724
265,266,406.62,3.8,4086,999,7,0,620,55,28,4,19,-0.0199,0.4046,LOW,0,0,Legitimate,Legitimate,0.01826012287751587,Wherre's my boytoy ? :-(,192,0.18010012287751587
266,267,53.08,4.1,7579,834,6,1,2933,262,26,0,13,-0.02,0.4041,LOW,0,0,Legitimate,Legitimate,0.017410024210843814,Wherre's my boytoy ? :-(,192,0.17905002421084382
267,268,489.95,4.9,5997,434,13,1,1845,92,79,1,17,-0.0206,0.4015,LOW,0,0,Legitimate,Legitimate,0.014576879619783833,Bbq this sat at mine from 6ish. Ur welcome 2 come,21,0.17517687961978384
268,269,333.01,3.7,4519,613,13,0,3388,203,1,4,4,-0.0208,0.4002,LOW,0,0,Legitimate,Legitimate,0.012193227210567724,Bbq this sat at mine from 6ish. Ur welcome 2 come,21,0.17227322721056773
269,270,458.87,4.8,4580,968,4,1,4935,12,82,0,12,-0.0209,0.3997,LOW,0,0,Legitimate,Legitimate,0.011944662665110094,They released vday shirts and when u put it on it makes your bottom half naked instead of those white underwear.,110,0.17182466266511012
270,271,493.5,4.1,680,457,6,0,4915,298,20,4,15,-0.0219,0.3952,LOW,0,0,Legitimate,Legitimate,0.011669768749946406,They released vday shirts and when u put it on it makes your bottom half naked instead of those white underwear.,110,0.1697497687499464
271,272,93.6,3.8,6346,906,3,1,2510,74,70,0,11,-0.0222,0.3938,LOW,0,0,Legitimate,Legitimate,0.010876186251573692,They released vday shirts and when u put it on it makes your bottom half naked instead of those white underwear.,110,0.16839618625157368
272,273,105.64,5.0,8856,496,7,0,267,4,11,0,2,-0.0233,0.3883,LOW,0,0,Legitimate,Legitimate,0.01008260375320098,Where r we meeting?,142,0.16540260375320098
273,274,130.3,4.6,710,323,6,1,838,31,28,1,0,-0.0239,0.3854,LOW,0,0,Legitimate,Legitimate,0.010004487072000022,Where r we meeting?,142,0.16416448707200004
274,275,162.47,3.9,485,961,10,1,3900,242,86,2,2,-0.0241,0.3846,LOW,0,0,Legitimate,Legitimate,0.009986304700090931,"Jay told me already, will do",14,0.16382630470009094
275,276,398.36,4.4,9785,981,8,0,4853,258,22,3,12,-0.0251,0.38,LOW,0,0,Legitimate,Legitimate,0.009761755067133452,"Jay told me already, will do",14,0.16176175506713347
276,277,209.02,3.8,323,975,7,1,1553,92,36,2,4,-0.0254,0.3785,LOW,0,0,Legitimate,Legitimate,0.00948467558590911,Yupz... I've oredi booked slots 4 my weekends liao... ,200,0.16088467558590913
277,278,452.76,4.5,3411,907,12,1,3468,170,18,4,10,-0.0254,0.3784,LOW,0,0,Legitimate,Legitimate,0.009360586128465402,Yupz... I've oredi booked slots 4 my weekends liao... ,200,0.16072058612846543
278,279,391.82,4.2,3301,333,13,0,514,38,3,2,17,-0.0273,0.3693,LOW,0,0,Legitimate,Legitimate,0.009311340711432364,One small prestige problem now.,18,0.15703134071143238
279,280,117.77,4.9,9404,827,1,1,156,6,0,1,15,-0.0273,0.3691,LOW,0,0,Legitimate,Legitimate,0.009242765047880715,One small prestige problem now.,18,0.1568827650478807
280,281,224.37,3.8,2093,281,6,1,1500,33,42,4,18,-0.0277,0.3671,LOW,0,0,Legitimate,Legitimate,0.009158109356251639,Sir send to group mail check it.,180,0.15599810935625164
281,282,54.38,4.0,1308,855,4,1,3649,178,52,0,3,-0.0279,0.3663,LOW,0,0,Legitimate,Legitimate,0.009092291512682472,Sir send to group mail check it.,180,0.1556122915126825
282,283,394.16,4.5,916,392,1,1,1798,130,78,4,20,-0.0279,0.3663,LOW,0,0,Legitimate,Legitimate,0.009052456907816635,K..k..i'm also fine:)when will you complete the course?,47,0.15557245690781665
283,284,482.59,4.8,3702,992,8,1,1381,123,42,0,13,-0.0287,0.3626,LOW,0,0,Legitimate,Legitimate,0.008891186047322747,K..k..i'm also fine:)when will you complete the course?,47,0.15393118604732275
284,285,296.54,4.2,6542,289,8,0,2521,233,60,3,2,-0.029,0.3611,LOW,0,0,Legitimate,Legitimate,0.008439264476637075,No I don't have cancer. Moms making a big deal out of a regular checkup aka pap smear,144,0.15287926447663705
285,286,99.1,3.6,4538,655,5,0,1710,7,81,2,21,-0.0292,0.3601,LOW,0,0,Legitimate,Legitimate,0.008059425760091611,No I don't have cancer. Moms making a big deal out of a regular checkup aka pap smear,144,0.1520994257600916
286,287,480.42,3.7,4720,966,12,1,4491,55,39,3,12,-0.0292,0.3599,LOW,0,0,Legitimate,Legitimate,0.008033822783892098,THIS IS A LONG FUCKIN SHOWR,122,0.1519938227838921
287,288,222.68,5.0,9947,930,8,1,2463,231,82,3,18,-0.0297,0.3577,LOW,0,0,Legitimate,Legitimate,0.00800701344341991,THIS IS A LONG FUCKIN SHOWR,122,0.15108701344341993
288,289,84.93,4.6,9622,550,13,1,1593,48,52,2,23,-0.031,0.3515,LOW,0,0,Legitimate,Legitimate,0.007953664088948887,THIS IS A LONG FUCKIN SHOWR,122,0.14855366408894888
289,290,484.98,4.2,7471,434,6,0,4173,87,88,0,6,-0.031,0.3514,LOW,0,0,Legitimate,Legitimate,0.007900314734477864,Height of recycling: Read twice- People spend time for earning money and the same money is spent for spending time!;-) Good morning.. keep smiling:-),54,0.14846031473447785
290,291,256.69,3.7,2508,882,2,0,3963,247,51,2,11,-0.0311,0.3509,LOW,0,0,Legitimate,Legitimate,0.007531350899948229,Height of recycling: Read twice- People spend time for earning money and the same money is spent for spending time!;-) Good morning.. keep smiling:-),54,0.14789135089994823
291,292,432.36,3.5,2916,749,2,0,235,3,3,1,16,-0.0319,0.3469,LOW,0,0,Legitimate,Legitimate,0.007134147875097564,"Hmm well, night night ",49,0.14589414787509755
292,293,388.64,3.9,7165,213,12,1,4290,114,64,0,21,-0.0324,0.3447,LOW,0,0,Legitimate,Legitimate,0.007033677729381592,"Hmm well, night night ",49,0.1449136777293816
293,294,62.75,4.5,2604,452,7,1,1279,84,60,3,22,-0.0327,0.3435,LOW,0,0,Legitimate,Legitimate,0.007011009497097272,So wats ur opinion abt him and how abt is character?,75,0.1444110094970973
294,295,151.14,3.8,3134,975,8,0,4464,367,40,4,21,-0.0328,0.3428,LOW,0,0,Legitimate,Legitimate,0.00667307927796988,So wats ur opinion abt him and how abt is character?,75,0.14379307927796986
295,296,401.61,4.9,6073,285,12,0,1646,155,41,2,20,-0.0334,0.3399,LOW,0,0,Legitimate,Legitimate,0.006177518065420952,Still otside le..u come 2morrow maga..,151,0.14213751806542094
296,297,499.52,4.7,3923,264,6,0,3923,24,81,0,17,-0.0338,0.338,LOW,0,0,Legitimate,Legitimate,0.005904283674867319,Still otside le..u come 2morrow maga..,151,0.14110428367486733
297,298,372.77,4.7,8814,691,6,0,204,17,1,3,17,-0.0338,0.3379,LOW,0,0,Legitimate,Legitimate,0.0058196300708275575,Were trying to find a Chinese food place around here,133,0.14097963007082756
298,299,115.26,4.6,5890,962,11,0,4492,281,52,1,22,-0.0338,0.3378,LOW,0,0,Legitimate,Legitimate,0.00571863726443642,Were trying to find a Chinese food place around here,133,0.1408386372644364
299,300,368.27,4.5,9421,321,6,0,3006,69,31,2,9,-0.0342,0.336,LOW,0,0,Legitimate,Legitimate,0.005594655580318347,"If e timing can, then i go w u lor...",66,0.13999465558031837
300,301,491.92,3.6,5288,565,2,0,868,49,24,1,23,-0.0349,0.3327,LOW,0,0,Legitimate,Legitimate,0.0055064527165010575,"If e timing can, then i go w u lor...",66,0.13858645271650105
301,302,377.68,4.0,9311,872,7,0,975,78,15,1,21,-0.0352,0.3312,LOW,0,0,Legitimate,Legitimate,0.0055059079624206995,"That's good, because I need drugs",98,0.13798590796242072
302,303,323.94,4.5,5354,970,7,0,4452,24,39,2,18,-0.0359,0.3278,LOW,0,0,Legitimate,Legitimate,0.005479301890074867,"That's good, because I need drugs",98,0.13659930189007485
303,304,255.56,4.6,854,682,4,0,2324,200,88,1,22,-0.036,0.3277,LOW,0,0,Legitimate,Legitimate,0.005320089698319449,Not getting anywhere with this damn job hunting over here!,161,0.13640008969831946
304,305,158.19,4.2,1703,288,2,0,917,31,22,4,1,-0.0361,0.3269,LOW,0,0,Legitimate,Legitimate,0.005155661267551489,Not getting anywhere with this damn job hunting over here!,161,0.1359156612675515
305,306,465.66,4.4,4480,996,9,0,488,26,22,1,4,-0.0366,0.3248,LOW,0,0,Legitimate,Legitimate,0.004861478891346633,Not getting anywhere with this damn job hunting over here!,161,0.13478147889134665
306,307,231.94,4.8,9915,953,8,0,912,16,23,1,2,-0.0369,0.3231,LOW,0,0,Legitimate,Legitimate,0.004567296515141777,\Wen u miss someone,140,0.13380729651514178
307,308,497.2,4.0,1330,639,6,0,1515,34,0,3,20,-0.0377,0.3195,LOW,0,0,Legitimate,Legitimate,0.004480689304463185,\Wen u miss someone,140,0.13228068930446318
308,309,83.57,4.2,7056,397,4,1,3581,174,84,3,19,-0.0378,0.319,LOW,0,0,Legitimate,Legitimate,0.004413851157168042,I am in bus on the way to calicut,116,0.13201385115716807
309,310,470.33,4.4,5121,457,12,1,3064,305,94,1,8,-0.0381,0.3175,LOW,0,0,Legitimate,Legitimate,0.004209346199909289,I am in bus on the way to calicut,116,0.1312093461999093
310,311,225.27,3.7,4182,464,13,0,1744,105,82,0,11,-0.0383,0.3163,LOW,0,0,Legitimate,Legitimate,0.003967679649776925,I lost 4 pounds since my doc visit last week woot woot! Now I'm gonna celebrate by stuffing my face!,139,0.13048767964977695
311,312,79.57,4.4,7523,633,8,1,3802,340,64,2,13,-0.0384,0.3161,LOW,0,0,Legitimate,Legitimate,0.003817931922553827,I lost 4 pounds since my doc visit last week woot woot! Now I'm gonna celebrate by stuffing my face!,139,0.13025793192255383
312,313,355.27,3.6,7991,647,2,1,4580,414,34,3,22,-0.0385,0.3155,LOW,0,0,Legitimate,Legitimate,0.00371515001725517,"K, can that happen tonight?",59,0.12991515001725518
313,314,204.83,5.0,826,801,4,0,2994,130,95,4,19,-0.0385,0.3153,LOW,0,0,Legitimate,Legitimate,0.0035642719944041046,"K, can that happen tonight?",59,0.1296842719944041
314,315,316.52,4.9,8596,356,8,1,2141,211,89,4,12,-0.0391,0.3126,LOW,0,0,Legitimate,Legitimate,0.00337179732934555,I realise you are a busy guy and i'm trying not to be a bother. I have to get some exams outta the way and then try the cars. Do have a gr8 day,4,0.12841179732934557
315,316,474.14,4.1,4258,250,8,0,4086,190,29,1,5,-0.0392,0.3121,LOW,0,0,Legitimate,Legitimate,0.003218636232689851,I realise you are a busy guy and i'm trying not to be a bother. I have to get some exams outta the way and then try the cars. Do have a gr8 day,4,0.12805863623268987
316,317,405.44,4.5,5705,204,9,1,3924,330,12,3,7,-0.0397,0.3095,LOW,0,0,Legitimate,Legitimate,0.0031219016695064883,"1) Go to write msg 2) Put on Dictionary mode 3)Cover the screen with hand, 4)Press  &lt;#&gt; . 5)Gently remove Ur hand.. Its interesting..:)",135,0.1269219016695065
317,318,480.77,4.7,1896,246,7,0,1606,122,34,1,17,-0.0401,0.3077,LOW,0,0,Legitimate,Legitimate,0.0029910235331959793,"1) Go to write msg 2) Put on Dictionary mode 3)Cover the screen with hand, 4)Press  &lt;#&gt; . 5)Gently remove Ur hand.. Its interesting..:)",135,0.12607102353319596
318,319,238.92,4.7,2580,406,5,1,4701,12,29,3,12,-0.0405,0.3057,LOW,0,0,Legitimate,Legitimate,0.0027744971117529623,You know my old Dom I told you about yesterday ? His name is Roger? He got in touch with me last night and wants me to meet him today at 2 pm,100,0.12505449711175298
319,320,248.07,4.3,5398,993,4,1,4307,406,36,0,19,-0.0406,0.3054,LOW,0,0,Legitimate,Legitimate,0.002588390228857103,You know my old Dom I told you about yesterday ? His name is Roger? He got in touch with me last night and wants me to meet him today at 2 pm,100,0.12474839022885711
320,321,108.4,3.6,1297,540,8,1,1584,70,4,0,4,-0.041,0.3036,LOW,0,0,Legitimate,Legitimate,0.002562677276482648,Jus finish bathing...,154,0.12400267727648263
321,322,164.57,4.9,4803,422,13,0,2573,17,50,3,19,-0.0413,0.3018,LOW,0,0,Legitimate,Legitimate,0.0025372306562435297,Jus finish bathing...,154,0.12325723065624354
322,323,299.67,4.0,1851,800,1,0,3724,48,18,3,10,-0.0418,0.2994,LOW,0,0,Legitimate,Legitimate,0.002519393525585403,Jus finish bathing...,154,0.12227939352558541
323,324,468.75,4.4,8536,895,12,1,4295,245,38,3,7,-0.042,0.2986,LOW,0,0,Legitimate,Legitimate,0.002501556394927276,Bring it if you got it,160,0.12194155639492726
324,325,181.13,4.8,8827,499,3,0,4145,303,83,3,5,-0.0422,0.298,LOW,0,0,Legitimate,Legitimate,0.002483970312481335,Bring it if you got it,160,0.12168397031248133
325,326,176.51,3.6,2540,558,12,0,2084,125,16,3,9,-0.0423,0.2973,LOW,0,0,Legitimate,Legitimate,0.002466409601929178,Which is why i never wanted to tell you any of this. Which is why i'm so short with you and on-edge as of late.,146,0.12138640960192919
326,327,431.28,3.7,2458,366,10,1,1968,184,53,3,16,-0.0424,0.2969,LOW,0,0,Legitimate,Legitimate,0.0024557986167454532,Which is why i never wanted to tell you any of this. Which is why i'm so short with you and on-edge as of late.,146,0.12121579861674546
327,328,141.07,4.2,2556,919,3,0,4350,267,98,2,8,-0.0426,0.2957,LOW,0,0,Legitimate,Legitimate,0.002447118110830737,So u gonna get deus ex?,26,0.12072711811083074
328,329,412.12,4.7,4154,909,9,0,3348,163,0,4,11,-0.0435,0.2917,LOW,0,0,Legitimate,Legitimate,0.0024113385078383554,So u gonna get deus ex?,26,0.11909133850783836
329,330,331.95,4.1,793,298,2,0,793,57,3,0,18,-0.0436,0.2911,LOW,0,0,Legitimate,Legitimate,0.0023614115821068995,Thanks love. But am i doing torch or bold.,123,0.11880141158210691
330,331,298.24,4.2,4612,990,12,1,1108,61,29,2,2,-0.0438,0.2899,LOW,0,0,Legitimate,Legitimate,0.002279720616046939,Thanks love. But am i doing torch or bold.,123,0.11823972061604694
331,332,235.61,4.3,3604,226,8,1,1429,50,62,1,17,-0.0445,0.2869,LOW,0,0,Legitimate,Legitimate,0.002170019541697297,K then 2marrow are you coming to class.,97,0.1169300195416973
332,333,489.95,4.7,7166,265,8,1,3918,113,74,1,10,-0.0457,0.2809,LOW,0,0,Legitimate,Legitimate,0.002031659585592125,K then 2marrow are you coming to class.,97,0.11439165958559212
333,334,264.4,3.8,5889,980,5,0,1314,30,54,1,9,-0.0462,0.2787,LOW,0,0,Legitimate,Legitimate,0.0018513348383449276,Wow didn't think it was that common. I take it all back ur not a freak! Unless u chop it off:-),106,0.11333133483834494
334,335,256.41,4.1,9742,890,3,1,3823,344,82,0,5,-0.0463,0.2782,LOW,0,0,Legitimate,Legitimate,0.0017047042540328354,Wow didn't think it was that common. I take it all back ur not a freak! Unless u chop it off:-),106,0.11298470425403284
335,336,376.03,3.5,2449,779,10,1,4141,231,96,3,2,-0.047,0.2745,LOW,0,0,Legitimate,Legitimate,0.0016446328124333463,I like to think there's always the possibility of being in a pub later.,71,0.11144463281243336
336,337,113.44,4.5,9528,715,1,1,1170,56,44,1,15,-0.0481,0.2694,LOW,0,0,Legitimate,Legitimate,0.0015935398583870964,I like to think there's always the possibility of being in a pub later.,71,0.1093535398583871
337,338,469.41,3.7,7159,441,4,0,895,64,21,1,23,-0.0482,0.269,LOW,0,0,Legitimate,Legitimate,0.001591548008147631,Hey what's up charles sorry about the late reply.,128,0.10919154800814765
338,339,492.47,4.1,4577,714,2,1,4910,438,70,1,17,-0.0483,0.2687,LOW,0,0,Legitimate,Legitimate,0.0015891476524318691,Hey what's up charles sorry about the late reply.,128,0.10906914765243188
339,340,257.44,4.5,8892,703,3,1,66,4,1,2,15,-0.0483,0.2684,LOW,0,0,Legitimate,Legitimate,0.0015730623632601755,Hey what's up charles sorry about the late reply.,128,0.10893306236326018
340,341,334.12,4.1,1509,768,2,0,4976,279,20,1,13,-0.0488,0.2661,LOW,0,0,Legitimate,Legitimate,0.001556977074088483,"It's not that you make me cry. It's just that when all our stuff happens on top of everything else, it pushes me over the edge. You don't underdtand how often i cry over my sorry, sorry life.",76,0.1079969770740885
341,342,460.54,4.5,6534,720,13,1,1767,54,74,0,14,-0.0489,0.2654,LOW,0,0,Legitimate,Legitimate,0.001532966073840878,"It's not that you make me cry. It's just that when all our stuff happens on top of everything else, it pushes me over the edge. You don't underdtand how often i cry over my sorry, sorry life.",76,0.10769296607384089
342,343,125.31,3.9,1334,322,7,0,771,14,24,0,2,-0.049,0.2651,LOW,0,0,Legitimate,Legitimate,0.0015081074039594862,"Dear all, as we know  &lt;#&gt; th is the  &lt;#&gt; th birthday of our loving Gopalettan. We are planning to give a small gift on that day. Those who like to participate in that you are welcome. Please contact our admin team for more details",44,0.1075481074039595
343,344,408.46,4.1,3409,869,13,0,657,51,17,2,17,-0.0492,0.264,LOW,0,0,Legitimate,Legitimate,0.001463510277293013,"Dear all, as we know  &lt;#&gt; th is the  &lt;#&gt; th birthday of our loving Gopalettan. We are planning to give a small gift on that day. Those who like to participate in that you are welcome. Please contact our admin team for more details",44,0.10706351027729302
344,345,394.2,4.2,3801,796,8,1,2566,138,91,4,11,-0.0504,0.2585,LOW,0,0,Legitimate,Legitimate,0.0014132735915450892,Yo chad which gymnastics class do you wanna take? The site says Christians class is full..,165,0.10481327359154509
345,346,160.73,4.4,2325,453,12,1,4824,459,87,1,4,-0.0509,0.256,LOW,0,0,Legitimate,Legitimate,0.001382231336110708,Yo chad which gymnastics class do you wanna take? The site says Christians class is full..,165,0.10378223133611071
346,347,360.93,4.8,9635,467,8,0,866,45,33,2,20,-0.051,0.2556,LOW,0,0,Legitimate,Legitimate,0.0013614261101768826,"Same here, but I consider walls and bunkers and shit important just because I never play on peaceful but I guess your place is high enough that it don't matter",103,0.10360142611017688
347,348,193.65,4.2,2619,877,6,0,2849,281,1,4,1,-0.0511,0.2552,LOW,0,0,Legitimate,Legitimate,0.001350039215114559,"Same here, but I consider walls and bunkers and shit important just because I never play on peaceful but I guess your place is high enough that it don't matter",103,0.10343003921511457
348,349,82.81,4.1,2655,494,3,1,3975,54,26,4,6,-0.0512,0.2545,LOW,0,0,Legitimate,Legitimate,0.0013471201771660627,Yes ammae....life takes lot of turns you can only sit and try to hold the steering...,194,0.10314712017716607
349,350,322.76,4.2,7494,253,1,0,612,24,22,3,20,-0.0518,0.2518,LOW,0,0,Legitimate,Legitimate,0.0013440976773510193,Yes ammae....life takes lot of turns you can only sit and try to hold the steering...,194,0.10206409767735104
350,351,174.77,4.9,5008,401,7,1,3902,96,27,4,8,-0.0519,0.2511,LOW,0,0,Legitimate,Legitimate,0.0013409206080004117,Thanks for yesterday sir. You have been wonderful. Hope you enjoyed the burial. MojiBiola,101,0.10178092060800041
351,352,199.85,4.1,7920,312,13,1,2613,229,5,3,14,-0.052,0.2508,LOW,0,0,Legitimate,Legitimate,0.0013383645608428462,Thanks for yesterday sir. You have been wonderful. Hope you enjoyed the burial. MojiBiola,101,0.10165836456084287
352,353,228.25,4.4,1519,259,13,1,4416,167,63,1,1,-0.0523,0.2495,LOW,0,0,Legitimate,Legitimate,0.001337442782614338,You best watch what you say cause I get drunk as a motherfucker,79,0.10113744278261434
353,354,277.81,4.0,347,724,6,0,3747,149,73,3,15,-0.053,0.246,LOW,0,0,Legitimate,Legitimate,0.001334899379488517,You best watch what you say cause I get drunk as a motherfucker,79,0.09973489937948851
354,355,123.41,4.0,2879,350,9,1,1659,160,46,1,21,-0.0531,0.2455,LOW,0,0,Legitimate,Legitimate,0.0013231493317844016,Imagine Life WITHOUT ME... see.. How fast u are searching me?Don't worry.. l'm always there To disturb U.. Goodnoon..:),171,0.09952314933178441
355,356,354.8,3.5,3056,765,5,0,812,51,22,3,17,-0.0534,0.2441,LOW,0,0,Legitimate,Legitimate,0.0013115360027528143,Imagine Life WITHOUT ME... see.. How fast u are searching me?Don't worry.. l'm always there To disturb U.. Goodnoon..:),171,0.09895153600275282
356,357,197.97,4.8,9885,646,9,0,4610,114,31,2,20,-0.0537,0.2427,LOW,0,0,Legitimate,Legitimate,0.0013054461080913733,Imagine Life WITHOUT ME... see.. How fast u are searching me?Don't worry.. l'm always there To disturb U.. Goodnoon..:),171,0.09838544610809137
357,358,148.55,3.6,2804,485,9,0,4904,344,99,4,23,-0.0544,0.2394,LOW,0,0,Legitimate,Legitimate,0.001299356213429932,"The LAY MAN! Just to let you know you are missed and thought off. Do have a great day. And if you can send me bimbo and ugo's numbers, ill appreciate. Safe",83,0.09705935621342994
358,359,472.29,4.5,4793,598,10,0,2124,192,96,2,3,-0.0548,0.2375,LOW,0,0,Legitimate,Legitimate,0.0012184083619377476,"The LAY MAN! Just to let you know you are missed and thought off. Do have a great day. And if you can send me bimbo and ugo's numbers, ill appreciate. Safe",83,0.09621840836193775
359,360,341.56,4.9,9166,392,4,1,3200,204,93,3,9,-0.0548,0.2372,LOW,0,0,Legitimate,Legitimate,0.001129008805642095,Hey... Very inconvenient for your sis a not huh?,102,0.0960090088056421
360,361,426.39,4.3,634,892,7,1,1014,67,13,2,1,-0.0556,0.2335,LOW,0,0,Legitimate,Legitimate,0.0010993102500568702,Hey... Very inconvenient for your sis a not huh?,102,0.09449931025005688
361,362,190.2,3.6,5039,534,2,0,3994,192,94,4,7,-0.0557,0.2328,LOW,0,0,Legitimate,Legitimate,0.001087148863430331,Dunno y u ask me.,34,0.09420714886343035
362,363,179.33,4.3,6796,270,8,0,3698,161,62,0,16,-0.0558,0.2324,LOW,0,0,Legitimate,Legitimate,0.0010774361627349407,Dunno y u ask me.,34,0.09403743616273494
363,364,274.83,3.7,1727,586,3,1,1182,100,50,2,0,-0.0559,0.2321,LOW,0,0,Legitimate,Legitimate,0.0010690574476587584,I cant keep talking to people if am not sure i can pay them if they agree to price. So pls tell me what you want to really buy and how much you are willing to pay,199,0.09390905744765876
364,365,122.73,4.5,5532,494,4,1,3905,322,88,0,17,-0.0565,0.2293,LOW,0,0,Legitimate,Legitimate,0.001062395832664376,I cant keep talking to people if am not sure i can pay them if they agree to price. So pls tell me what you want to really buy and how much you are willing to pay,199,0.09278239583266439
365,366,177.99,3.9,4321,799,5,0,3514,59,45,3,8,-0.0566,0.2286,LOW,0,0,Legitimate,Legitimate,0.0010573082260783102,Cbe is really good nowadays:)lot of shop and showrooms:)city is shaping good.,6,0.09249730822607832
366,367,155.74,4.6,4022,367,3,0,3417,12,63,2,18,-0.0569,0.2274,LOW,0,0,Legitimate,Legitimate,0.0010474708866171848,Cbe is really good nowadays:)lot of shop and showrooms:)city is shaping good.,6,0.09200747088661719
367,368,376.98,3.9,7107,664,10,1,1489,22,32,4,18,-0.0577,0.2233,LOW,0,0,Legitimate,Legitimate,0.0010303931007001753,Hey whats up? U sleeping all morning?,93,0.09035039310070019
368,369,489.21,4.6,2535,448,5,0,1145,46,40,2,17,-0.0578,0.223,LOW,0,0,Legitimate,Legitimate,0.0010178807660510653,Hey whats up? U sleeping all morning?,93,0.09021788076605107
369,370,289.56,4.0,6768,905,9,1,982,30,20,1,7,-0.0579,0.2224,LOW,0,0,Legitimate,Legitimate,0.0010176788446421845,Don know..he is watching film in computer..,183,0.08997767884464218
370,371,352.67,4.2,4712,285,2,0,3495,113,81,0,7,-0.0587,0.2185,LOW,0,0,Legitimate,Legitimate,0.001015294253406696,Don know..he is watching film in computer..,183,0.0884152942534067
371,372,284.87,4.9,4964,984,7,1,848,57,21,2,11,-0.0589,0.2176,LOW,0,0,Legitimate,Legitimate,0.0010000319101942225,Thats cool! Sometimes slow and gentle. Sonetimes rough and hard :),8,0.08804003191019423
372,373,431.86,4.1,6359,419,13,0,381,16,6,3,5,-0.0593,0.2157,LOW,0,0,Legitimate,Legitimate,0.0009849040815844156,Thats cool! Sometimes slow and gentle. Sonetimes rough and hard :),8,0.08726490408158442
373,374,314.88,4.7,1742,553,7,0,3126,232,60,3,14,-0.0597,0.2138,LOW,0,0,Legitimate,Legitimate,0.0009766028690599453,Thats cool! Sometimes slow and gentle. Sonetimes rough and hard :),8,0.08649660286905994
374,375,168.14,4.0,5302,835,11,1,1673,17,32,0,13,-0.0597,0.2137,LOW,0,0,Legitimate,Legitimate,0.000968301656535475,Lol wtf random. Btw is that your lunch break,17,0.08644830165653547
375,376,367.08,3.7,4358,503,13,1,425,3,7,2,1,-0.0598,0.2135,LOW,0,0,Legitimate,Legitimate,0.0009529013475738394,Lol wtf random. Btw is that your lunch break,17,0.08635290134757384
376,377,215.69,4.7,2581,588,11,0,1708,140,43,0,1,-0.0599,0.2127,LOW,0,0,Legitimate,Legitimate,0.0009366568217385958,"No, but you told me you were going, before you got drunk!",134,0.0860166568217386
377,378,266.83,3.7,1242,730,12,1,772,25,10,4,7,-0.0601,0.2121,LOW,0,0,Legitimate,Legitimate,0.0009270612789072729,"No, but you told me you were going, before you got drunk!",134,0.08576706127890729
378,379,240.91,3.8,3775,893,3,0,2645,140,53,3,20,-0.0602,0.2113,LOW,0,0,Legitimate,Legitimate,0.0009194729762280766,"Hi, can i please get a  &lt;#&gt;  dollar loan from you. I.ll pay you back by mid february. Pls.",188,0.08543947297622807
379,380,173.27,3.9,7138,778,1,0,801,35,33,1,18,-0.0606,0.2094,LOW,0,0,Legitimate,Legitimate,0.0009140401699227012,"Hi, can i please get a  &lt;#&gt;  dollar loan from you. I.ll pay you back by mid february. Pls.",188,0.0846740401699227
380,381,447.02,3.9,5419,395,10,0,1939,24,43,1,2,-0.061,0.2075,LOW,0,0,Legitimate,Legitimate,0.0009098066623516321,Lol I would but my mom would have a fit and tell the whole family how crazy and terrible I am,167,0.08390980666235164
381,382,399.13,4.0,4274,988,11,1,3727,80,46,3,14,-0.0614,0.2057,LOW,0,0,Legitimate,Legitimate,0.0009031232361099821,Lol I would but my mom would have a fit and tell the whole family how crazy and terrible I am,167,0.08318312323610999
382,383,288.6,4.5,4252,777,9,0,868,51,10,0,21,-0.0615,0.2051,LOW,0,0,Legitimate,Legitimate,0.0008941501662509671,Ok lor. I ned 2 go toa payoh 4 a while 2 return smth u wan 2 send me there or wat?,126,0.08293415016625097
383,384,321.13,3.9,3331,861,11,1,3822,63,90,0,12,-0.0627,0.1993,LOW,0,0,Legitimate,Legitimate,0.0008866184384940298,Ok lor. I ned 2 go toa payoh 4 a while 2 return smth u wan 2 send me there or wat?,126,0.08060661843849404
384,385,329.25,4.1,9112,543,3,1,3208,225,42,0,2,-0.0629,0.1983,LOW,0,0,Legitimate,Legitimate,0.0008813287984514354,My love ... I hope your not doing anything drastic. Don't you dare sell your pc or your phone ...,45,0.08020132879845143
385,386,155.33,4.1,3366,595,2,0,4915,449,29,0,9,-0.063,0.1982,LOW,0,0,Legitimate,Legitimate,0.0008769649447830975,My love ... I hope your not doing anything drastic. Don't you dare sell your pc or your phone ...,45,0.0801569649447831
386,387,232.91,3.8,9966,679,5,1,1129,9,11,2,6,-0.0636,0.1951,LOW,0,0,Legitimate,Legitimate,0.0008751596280036139,"&lt;#&gt; %of pple marry with their lovers... becz they hav gud undrstndng dat avoids problems. i sent dis 2 u, u wil get gud news on friday by d person you like. And tomorrow will be the best day of your life. Dont break this chain. If you break you will suffer. send this to  &lt;#&gt;  frnds in &lt;#&gt;  mins whn u read...",51,0.0789151596280036
387,388,176.37,4.4,6215,974,4,1,1367,52,13,4,16,-0.0639,0.1937,LOW,0,0,Legitimate,Legitimate,0.0008706997293402958,"&lt;#&gt; %of pple marry with their lovers... becz they hav gud undrstndng dat avoids problems. i sent dis 2 u, u wil get gud news on friday by d person you like. And tomorrow will be the best day of your life. Dont break this chain. If you break you will suffer. send this to  &lt;#&gt;  frnds in &lt;#&gt;  mins whn u read...",51,0.0783506997293403
388,389,157.7,4.8,6332,453,10,0,4277,13,71,0,3,-0.0642,0.1923,LOW,0,0,Legitimate,Legitimate,0.0008499461901486134,You were supposed to wake ME up &gt;:(,35,0.07776994619014861
389,390,247.81,3.9,7425,747,12,1,2765,87,35,1,6,-0.0643,0.1919,LOW,0,0,Legitimate,Legitimate,0.0008294701902665025,You were supposed to wake ME up &gt;:(,35,0.07758947019026649
390,391,201.78,4.3,6408,617,1,0,3419,95,59,2,15,-0.0644,0.1914,LOW,0,0,Legitimate,Legitimate,0.0008278668634352748,You were supposed to wake ME up &gt;:(,35,0.07738786686343528
391,392,362.76,4.0,5401,233,5,0,1895,27,60,1,10,-0.0645,0.1906,LOW,0,0,Legitimate,Legitimate,0.0008262635366040469,Of course. I guess god's just got me on hold right now.,159,0.07706626353660405
392,393,165.25,3.8,3826,499,2,1,2261,98,37,0,16,-0.0646,0.1903,LOW,0,0,Legitimate,Legitimate,0.0008245621972269118,Of course. I guess god's just got me on hold right now.,159,0.07694456219722692
393,394,219.85,4.2,3151,875,4,0,4703,179,96,4,22,-0.0649,0.1891,LOW,0,0,Legitimate,Legitimate,0.0008228486062815382,No. I dont want to hear anything,205,0.07646284860628154
394,395,368.76,4.8,4386,621,12,0,835,30,22,1,9,-0.0649,0.1887,LOW,0,0,Legitimate,Legitimate,0.0008182070705641604,No. I dont want to hear anything,205,0.07629820707056417
395,396,379.95,4.0,8733,457,4,1,1208,115,43,4,13,-0.0653,0.1868,LOW,0,0,Legitimate,Legitimate,0.000812657501341541,Oh ok no prob..,33,0.07553265750134154
396,397,281.58,4.0,1150,382,4,0,4525,239,33,3,22,-0.0655,0.1862,LOW,0,0,Legitimate,Legitimate,0.0008074062627653831,Oh ok no prob..,33,0.0752874062627654
397,398,319.35,4.1,6082,878,12,1,963,44,21,4,22,-0.0655,0.1859,LOW,0,0,Legitimate,Legitimate,0.000802324530238351,"I get out of class in bsn in like  &lt;#&gt;  minutes, you know where advising is?",132,0.07516232453023836
398,399,463.6,3.7,4696,705,5,1,4556,94,55,1,20,-0.0657,0.1852,LOW,0,0,Legitimate,Legitimate,0.0007985519460244304,"I get out of class in bsn in like  &lt;#&gt;  minutes, you know where advising is?",132,0.07487855194602444
399,400,325.13,3.7,3772,657,10,1,4521,244,61,4,2,-0.066,0.1838,LOW,0,0,Legitimate,Legitimate,0.0007960267578447009,Ok i've sent u da latest version of da project.,91,0.0743160267578447
400,401,373.47,3.8,4202,788,3,0,159,12,4,3,6,-0.0661,0.1833,LOW,0,0,Legitimate,Legitimate,0.0007940838700253632,Ok i've sent u da latest version of da project.,91,0.07411408387002535
401,402,367.26,4.1,1758,988,9,1,470,35,8,1,20,-0.0664,0.1817,LOW,0,0,Legitimate,Legitimate,0.0007930653840281472,Lol for real. She told my dad I have cancer,53,0.07347306538402816
402,403,362.28,4.3,2216,210,10,1,824,45,11,1,12,-0.0666,0.1808,LOW,0,0,Legitimate,Legitimate,0.0007916494042486312,Lol for real. She told my dad I have cancer,53,0.07311164940424862
403,404,357.11,3.9,9648,398,7,1,4741,18,90,1,9,-0.0668,0.1795,LOW,0,0,Legitimate,Legitimate,0.0007891071920859313,Huh so early.. Then Ì_ having dinner outside izzit?,113,0.07258910719208593
404,405,285.21,4.7,6272,240,6,1,4731,277,98,0,21,-0.0673,0.1772,LOW,0,0,Legitimate,Legitimate,0.000786643453013044,Huh so early.. Then Ì_ having dinner outside izzit?,113,0.07166664345301305
405,406,117.89,4.2,3769,676,10,0,4771,260,34,4,12,-0.0682,0.1729,LOW,0,0,Legitimate,Legitimate,0.000784681381192887,That's good. Lets thank God. Please complete the drug. Have lots of water. And have a beautiful day.,63,0.06994468138119289
406,407,272.53,3.8,3748,600,4,0,2496,83,64,3,12,-0.0688,0.1701,LOW,0,0,Legitimate,Legitimate,0.00078271615404876,That's good. Lets thank God. Please complete the drug. Have lots of water. And have a beautiful day.,63,0.06882271615404877
407,408,312.08,3.7,4822,289,4,0,526,36,13,2,22,-0.0702,0.1636,LOW,0,0,Legitimate,Legitimate,0.0007804275061977065,That's good. Lets thank God. Please complete the drug. Have lots of water. And have a beautiful day.,63,0.06622042750619771
408,409,320.31,4.4,1692,260,9,1,1348,77,60,0,11,-0.0705,0.162,LOW,0,0,Legitimate,Legitimate,0.000778138858346653,Dear we got  &lt;#&gt;  dollars hi hi,125,0.06557813885834667
409,410,330.21,5.0,5405,554,8,1,4315,303,39,0,11,-0.0727,0.1515,LOW,0,0,Legitimate,Legitimate,0.0007776180673611903,Dear we got  &lt;#&gt;  dollars hi hi,125,0.061377618067361195
410,411,280.5,4.5,671,814,8,1,3750,205,89,2,4,-0.0731,0.1497,LOW,0,0,Legitimate,Legitimate,0.0007773291264564609,I'm going 4 lunch now wif my family then aft dat i go str 2 orchard lor.,178,0.060657329126456466
411,412,256.97,4.4,1821,824,9,0,202,18,5,1,9,-0.0736,0.1474,LOW,0,0,Legitimate,Legitimate,0.0007741181903994527,I'm going 4 lunch now wif my family then aft dat i go str 2 orchard lor.,178,0.059734118190399456
412,413,225.4,4.3,2780,673,11,0,2650,29,84,0,10,-0.0743,0.1437,LOW,0,0,Legitimate,Legitimate,0.0007699766826378969,"My fri ah... Okie lor,goin 4 my drivin den go shoppin after tt...",121,0.0582499766826379
413,414,373.56,4.3,932,759,5,1,2524,100,70,2,12,-0.0743,0.1436,LOW,0,0,Legitimate,Legitimate,0.0007681877425196389,"My fri ah... Okie lor,goin 4 my drivin den go shoppin after tt...",121,0.058208187742519645
414,415,193.19,4.4,5270,479,12,0,3425,270,60,0,1,-0.0745,0.1429,LOW,0,0,Legitimate,Legitimate,0.0007677636508051259,"Sorry, I'll call later",11,0.057927763650805125
415,416,289.5,4.4,4227,696,1,0,2781,107,23,1,19,-0.0749,0.1411,LOW,0,0,Legitimate,Legitimate,0.0007673144590401509,"Sorry, I'll call later",11,0.057207314459040155
416,417,287.96,4.7,1228,555,10,1,3994,69,57,4,14,-0.0755,0.138,LOW,0,0,Legitimate,Legitimate,0.0007668408843690129,"Wen ur lovable bcums angry wid u, dnt take it seriously.. Coz being angry is d most childish n true way of showing deep affection, care n luv!.. kettoda manda... Have nice day da.",94,0.05596684088436902
417,418,257.07,4.1,7264,933,8,1,1369,25,42,4,22,-0.0762,0.1349,LOW,0,0,Legitimate,Legitimate,0.0007638855221124777,"Wen ur lovable bcums angry wid u, dnt take it seriously.. Coz being angry is d most childish n true way of showing deep affection, care n luv!.. kettoda manda... Have nice day da.",94,0.05472388552211248
418,419,222.78,4.6,8101,559,3,0,2696,111,33,2,3,-0.0767,0.1325,LOW,0,0,Legitimate,Legitimate,0.0007569090356669445,"sorry, no, have got few things to do. may be in pub later.",163,0.05375690903566695
419,420,448.91,4.2,7629,400,5,0,369,31,12,1,18,-0.0769,0.1315,LOW,0,0,Legitimate,Legitimate,0.0007515201114530499,"sorry, no, have got few things to do. may be in pub later.",163,0.053351520111453055
420,421,217.78,4.2,5167,513,13,1,403,35,15,4,20,-0.077,0.1307,LOW,0,0,Legitimate,Legitimate,0.0007507441039122185,But i'll b going 2 sch on mon. My sis need 2 take smth.,65,0.053030744103912224
421,422,310.33,4.1,3438,490,6,0,4019,254,41,2,13,-0.0781,0.1256,LOW,0,0,Legitimate,Legitimate,0.0007498944509251055,But i'll b going 2 sch on mon. My sis need 2 take smth.,65,0.050989894450925104
422,423,417.38,3.9,8029,570,6,1,3187,274,32,1,2,-0.0787,0.1228,LOW,0,0,Legitimate,Legitimate,0.0007485538282961152,Good Morning plz call me sir,131,0.04986855382829612
423,424,336.93,4.0,8277,662,12,0,2096,68,51,3,18,-0.0793,0.1197,LOW,0,0,Legitimate,Legitimate,0.000747218678846628,Good Morning plz call me sir,131,0.04862721867884663
424,425,288.16,4.6,5393,291,7,0,1850,24,15,4,12,-0.0809,0.112,LOW,0,0,Legitimate,Legitimate,0.0007470110043747809,Good Morning plz call me sir,131,0.04554701100437479
425,426,328.61,3.6,5933,661,6,0,4571,262,55,3,5,-0.0811,0.111,LOW,0,0,Legitimate,Legitimate,0.0007468033299029337,Aww that's the first time u said u missed me without asking if I missed u first. You DO love me! :),74,0.04514680332990294
426,427,300.63,4.5,4337,917,6,1,4039,207,39,3,11,-0.0822,0.106,LOW,0,0,Legitimate,Legitimate,0.0007435980507944865,Aww that's the first time u said u missed me without asking if I missed u first. You DO love me! :),74,0.043143598050794485
427,428,403.56,3.9,3797,357,8,1,815,25,18,1,3,-0.0822,0.1057,LOW,0,0,Legitimate,Legitimate,0.0007399810128073853,Yup. Wun believe wat? U really neva c e msg i sent shuhui?,16,0.04301998101280739
428,429,234.3,4.7,2493,822,9,1,3054,231,14,2,15,-0.0823,0.1053,LOW,0,0,Legitimate,Legitimate,0.000737153429503126,Yup. Wun believe wat? U really neva c e msg i sent shuhui?,16,0.04285715342950313
429,430,283.32,4.1,8432,762,3,1,4720,141,36,2,2,-0.0827,0.1034,LOW,0,0,Legitimate,Legitimate,0.0007345839371528729,Aiyah e rain like quite big leh. If drizzling i can at least run home.,158,0.04209458393715288
430,431,422.49,4.1,9474,424,6,0,378,22,14,0,7,-0.0828,0.1029,LOW,0,0,Legitimate,Legitimate,0.0007330917747500012,Aiyah e rain like quite big leh. If drizzling i can at least run home.,158,0.04189309177475
431,432,160.65,4.4,6343,584,11,0,4887,91,54,2,21,-0.083,0.1022,LOW,0,0,Legitimate,Legitimate,0.000732237723162117,Yar... I tot u knew dis would happen long ago already.,9,0.04161223772316212
432,433,247.52,4.8,1505,801,5,1,4345,103,82,0,22,-0.0845,0.0951,LOW,0,0,Legitimate,Legitimate,0.0007296883402194383,Yar... I tot u knew dis would happen long ago already.,9,0.03876968834021944
433,434,200.02,4.2,4957,553,11,1,4424,86,40,1,1,-0.0856,0.0895,LOW,0,0,Legitimate,Legitimate,0.0007254599271849919,Ok... Let u noe when i leave my house.,138,0.03652545992718499
434,435,367.1,4.6,1859,622,5,1,3044,99,71,2,18,-0.0939,0.0496,LOW,0,0,Legitimate,Legitimate,0.0007198914427488315,Ok... Let u noe when i leave my house.,138,0.02055989144274883
435,436,174.61,3.9,5476,441,10,0,4924,399,38,4,0,-0.0941,0.0489,LOW,0,0,Legitimate,Legitimate,0.0007121066863790675,Sorry da:)i was thought of calling you lot of times:)lil busy.i will call you at noon..,145,0.02027210668637907
436,437,323.24,4.0,8203,421,5,1,4115,72,80,3,5,-0.0945,0.0467,LOW,0,0,Legitimate,Legitimate,0.0007053845919533371,Sorry da:)i was thought of calling you lot of times:)lil busy.i will call you at noon..,145,0.019385384591953336
437,438,151.9,4.4,7350,863,8,1,194,9,1,0,5,-0.0957,0.0412,LOW,0,0,Legitimate,Legitimate,0.0007018300475530912,I don't run away frm u... I walk slowly &amp; it kills me that u don't care enough to stop me...,40,0.017181830047553092
438,439,182.65,4.5,5285,387,10,0,4814,245,39,3,17,-0.097,0.0348,LOW,0,0,Legitimate,Legitimate,0.0006986497655863406,I don't run away frm u... I walk slowly &amp; it kills me that u don't care enough to stop me...,40,0.01461864976558634
439,440,248.2,4.1,6463,760,9,1,1142,44,46,0,16,-0.0986,0.0275,LOW,0,0,Legitimate,Legitimate,0.0006980749259450769,Aiya we discuss later lar... Pick Ì_ up at 4 is it?,117,0.011698074925945079
440,441,287.62,4.2,5577,591,8,1,2922,249,38,2,18,-0.1043,0.0,LOW,0,0,Legitimate,Legitimate,0.0006975000863038133,Aiya we discuss later lar... Pick Ì_ up at 4 is it?,117,0.0006975000863038133
